City_ID,City,Country,Date,Lat,Lng,Max Temp,Humidity,Cloudiness,Wind Speed
0,New Norfolk,AU,2022-07-23 22:10:02,-42.7826,147.0587,48.42,96,100,2.53
1,Methven,NZ,2022-07-23 22:10:03,-43.6333,171.65,37.02,94,100,1.01
2,Bethel,US,2022-07-23 22:10:03,41.3712,-73.414,95.54,46,0,6.91
3,Clyde River,CA,2022-07-23 22:10:03,70.4692,-68.5914,55.63,67,20,6.91
4,Gigmoto,PH,2022-07-23 22:10:04,13.7796,124.39,82.24,84,89,5.77
5,Cabo San Lucas,MX,2022-07-23 22:06:22,22.8909,-109.9124,81.09,71,91,4.63
6,Ozernovskiy,RU,2022-07-23 22:10:04,51.5,156.5167,55.87,86,57,2.33
7,Ziway,ET,2022-07-23 22:10:04,7.9333,38.7167,66.33,66,72,13.44
8,Leh,IN,2022-07-23 22:10:05,34.1667,77.5833,65.46,54,100,5.55
9,Menongue,AO,2022-07-23 22:10:05,-14.6585,17.691,54.95,44,49,2.91
10,Puerto Ayora,EC,2022-07-23 22:10:05,-0.7393,-90.3518,78.76,87,81,7.0
11,Port Hedland,AU,2022-07-23 22:10:06,-20.3167,118.5667,57.25,72,0,10.36
12,Duku,NG,2022-07-23 22:10:06,11.2361,4.9073,72.43,95,100,6.04
13,Banda Aceh,ID,2022-07-23 22:10:07,5.5577,95.3222,77.67,84,100,3.4
14,Hervey Bay,AU,2022-07-23 22:08:40,-25.2986,152.8535,59.52,83,12,14.14
15,San Juan,AR,2022-07-23 22:10:07,-31.5375,-68.5364,65.34,21,0,9.66
16,Ushuaia,AR,2022-07-23 22:10:07,-54.8,-68.3,33.46,86,100,18.41
17,Maine-Soroa,NE,2022-07-23 22:10:08,13.2114,12.0241,85.35,50,49,5.97
18,Varkkallai,IN,2022-07-23 22:10:08,8.7341,76.7067,78.58,91,99,9.26
19,Huangchuan,CN,2022-07-23 22:07:12,32.1272,115.0394,70.68,85,0,4.05
20,Rikitea,PF,2022-07-23 22:10:09,-23.1203,-134.9692,72.59,63,0,6.82
21,Te Anau,NZ,2022-07-23 22:08:37,-45.4167,167.7167,39.79,92,62,1.1
22,Aklavik,CA,2022-07-23 22:10:09,68.2191,-135.0107,53.6,94,100,4.61
23,East London,ZA,2022-07-23 22:08:23,-33.0153,27.9116,58.28,65,77,18.45
24,Airai,TL,2022-07-23 22:06:20,-8.9266,125.4092,50.58,85,70,2.21
25,Punta Arenas,CL,2022-07-23 22:10:10,-53.15,-70.9167,35.47,68,78,11.74
26,General Roca,AR,2022-07-23 22:10:10,-39.0333,-67.5833,52.63,53,100,7.81
27,Sao Sebastiao,BR,2022-07-23 22:10:11,-23.76,-45.4097,67.46,80,46,4.59
28,Qaanaaq,GL,2022-07-23 22:10:11,77.484,-69.3632,37.58,99,100,0.78
29,Kodiak,US,2022-07-23 22:10:11,57.79,-152.4072,53.11,87,100,14.97
30,Saint-Philippe,RE,2022-07-23 22:10:12,-21.3585,55.7679,69.39,84,55,12.15
31,Albany,US,2022-07-23 22:09:54,42.6001,-73.9662,94.03,41,22,6.38
32,Sitka,US,2022-07-23 22:05:37,57.0531,-135.33,55.85,95,100,4.65
33,Souillac,MU,2022-07-23 22:10:12,-20.5167,57.5167,68.38,83,40,8.05
34,Whitehorse,CA,2022-07-23 22:10:13,60.7161,-135.0538,62.31,33,98,11.99
35,Kapaa,US,2022-07-23 22:10:13,22.0752,-159.319,78.71,69,13,13.91
36,Jeremie,HT,2022-07-23 22:10:13,18.65,-74.1167,83.55,70,76,2.42
37,Yellowknife,CA,2022-07-23 22:06:57,62.456,-114.3525,69.57,40,19,18.99
38,Shingu,JP,2022-07-23 22:10:14,33.7333,135.9833,77.45,70,72,2.06
39,Hofn,IS,2022-07-23 22:10:14,64.2539,-15.2082,53.22,82,73,2.35
40,Butaritari,KI,2022-07-23 22:10:15,3.0707,172.7902,81.36,79,23,15.39
41,Bluff,NZ,2022-07-23 22:10:15,-46.6,168.3333,40.28,83,50,5.55
42,Ponta Do Sol,PT,2022-07-23 22:10:15,32.6667,-17.1,74.62,71,2,3.74
43,Road Town,VG,2022-07-23 22:10:16,18.4167,-64.6167,82.49,76,2,19.04
44,Talara,PE,2022-07-23 22:10:16,-4.5772,-81.2719,66.83,81,8,15.14
45,Vaini,TO,2022-07-23 22:10:16,-21.2,-175.2,75.36,73,20,11.5
46,Brokopondo,SR,2022-07-23 22:10:17,4.75,-55.1667,78.39,84,91,7.36
47,Thinadhoo,MV,2022-07-23 22:10:17,0.5333,72.9333,81.68,73,100,7.2
48,Zimmi,SL,2022-07-23 22:11:17,7.3153,-11.3061,72.43,94,100,3.2
49,Diamantino,BR,2022-07-23 22:11:18,-14.4086,-56.4461,83.28,31,24,5.57
50,Shitanjing,CN,2022-07-23 22:11:18,39.2342,106.3439,73.22,34,0,7.65
51,Payo,ID,2022-07-23 22:11:18,-3.7508,103.6372,71.19,99,99,1.92
52,Ihosy,MG,2022-07-23 22:11:19,-22.4,46.1167,57.67,94,49,4.9
53,Korla,CN,2022-07-23 22:11:19,41.7597,86.1469,85.62,16,0,5.75
54,Narsaq,GL,2022-07-23 22:11:19,60.9167,-46.05,55.62,81,99,5.41
55,Hof,DE,2022-07-23 22:11:20,50.3167,11.9167,57.76,74,54,2.37
56,Olinda,BR,2022-07-23 22:11:20,-8.0089,-34.8553,76.73,73,40,14.97
57,Rosetta,EG,2022-07-23 22:11:20,31.4044,30.4164,76.89,82,0,9.51
58,Cherskiy,RU,2022-07-23 22:11:21,68.75,161.3,59.4,44,14,1.39
59,Adrar,MR,2022-07-23 22:11:21,20.5022,-10.0711,95.79,27,91,10.22
60,Quevedo,EC,2022-07-23 22:08:19,-1.0333,-79.45,78.8,73,95,2.77
61,Mount Isa,AU,2022-07-23 22:11:22,-20.7333,139.5,44.37,76,0,4.61
62,Georgetown,MY,2022-07-23 22:06:32,5.4112,100.3354,77.11,88,100,5.95
63,Marsabit,KE,2022-07-23 22:11:22,2.3284,37.9899,63.75,58,50,23.69
64,Assiniboia,CA,2022-07-23 22:11:23,49.6334,-105.9845,71.69,38,49,15.19
65,Cidreira,BR,2022-07-23 22:11:23,-30.1811,-50.2056,62.04,98,52,9.35
66,Coolum Beach,AU,2022-07-23 22:08:07,-26.5333,153.1,60.12,83,31,11.27
67,Hilo,US,2022-07-23 22:11:24,19.7297,-155.09,88.29,93,100,6.91
68,Hermanus,ZA,2022-07-23 22:08:26,-34.4187,19.2345,52.92,70,58,4.88
69,Mataura,NZ,2022-07-23 22:11:24,-46.1927,168.8643,36.48,77,92,1.68
70,Victoria,HK,2022-07-23 22:06:24,22.2855,114.1577,88.32,82,38,4.0
71,North Bend,US,2022-07-23 22:11:25,43.4065,-124.2243,75.92,76,0,24.16
72,Nanortalik,GL,2022-07-23 22:11:25,60.1432,-45.2371,43.54,92,95,10.74
73,Srivardhan,IN,2022-07-23 22:11:25,18.0333,73.0167,78.22,87,100,7.99
74,Norman Wells,CA,2022-07-23 22:11:26,65.282,-126.8329,63.86,65,100,6.2
75,Port Elizabeth,ZA,2022-07-23 22:11:26,-33.918,25.5701,54.32,89,30,8.01
76,Tyup,KG,2022-07-23 22:11:26,42.7276,78.3648,65.41,42,0,5.75
77,Beisfjord,NO,2022-07-23 22:11:27,68.3751,17.5988,50.05,96,78,2.82
78,Ubinskoye,RU,2022-07-23 22:11:27,55.3068,79.6802,51.91,98,86,7.18
79,Atuona,PF,2022-07-23 22:11:27,-9.8,-139.0333,77.5,76,33,18.1
80,Bang Saphan,TH,2022-07-23 22:11:28,11.2126,99.5117,75.4,92,100,2.95
81,Bredasdorp,ZA,2022-07-23 22:11:28,-34.5322,20.0403,47.46,78,20,3.53
82,Yeppoon,AU,2022-07-23 22:11:29,-23.1333,150.7333,55.18,78,0,7.2
83,Cape Town,ZA,2022-07-23 22:11:29,-33.9258,18.4232,54.46,65,4,13.42
84,Castro,BR,2022-07-23 22:09:21,-24.7911,-50.0119,60.06,66,100,2.68
85,Provideniya,RU,2022-07-23 22:11:30,64.3833,-173.3,46.67,74,95,7.58
86,Alofi,NU,2022-07-23 22:11:30,-19.0595,-169.9187,74.41,70,88,20.24
87,Kaitangata,NZ,2022-07-23 22:11:30,-46.2817,169.8464,37.51,77,48,2.89
88,Saskylakh,RU,2022-07-23 22:11:31,71.9167,114.0833,53.94,80,56,3.51
89,Igrim,RU,2022-07-23 22:11:31,63.1906,64.4162,47.57,76,40,4.76
90,Springfield,US,2022-07-23 22:07:39,37.2153,-93.2982,100.92,31,20,10.36
91,Gat,IL,2022-07-23 22:11:01,31.61,34.7642,79.48,100,0,1.99
92,Vao,NC,2022-07-23 22:12:32,-22.6667,167.4833,73.65,87,85,17.72
93,Mahebourg,MU,2022-07-23 22:12:32,-20.4081,57.7,69.26,83,40,8.05
94,Colares,PT,2022-07-23 22:12:32,38.7992,-9.4469,72.59,61,0,10.36
95,Hobart,AU,2022-07-23 22:10:15,-42.8794,147.3294,49.26,92,100,4.61
96,Severo-Kurilsk,RU,2022-07-23 22:08:58,50.6789,156.125,56.16,89,47,3.47
97,Tuktoyaktuk,CA,2022-07-23 22:12:33,69.4541,-133.0374,40.3,94,100,16.24
98,Caravelas,BR,2022-07-23 22:12:33,-17.7125,-39.2481,70.65,76,0,6.64
99,Sao Filipe,CV,2022-07-23 22:12:34,14.8961,-24.4956,77.54,85,100,4.97
100,Virginia Beach,US,2022-07-23 22:12:21,36.8529,-75.978,84.87,68,77,14.18
101,Avarua,CK,2022-07-23 22:11:28,-21.2078,-159.775,73.45,73,40,10.36
102,Hede,CN,2022-07-23 22:12:34,33.7681,120.2517,71.94,94,2,4.25
103,Fortuna,US,2022-07-23 22:12:34,40.5982,-124.1573,69.1,71,22,4.0
104,Camopi,GF,2022-07-23 22:12:35,3.1655,-52.3158,73.42,97,98,3.02
105,Petrokhorion,GR,2022-07-23 22:12:35,41.1167,24.8333,75.43,47,1,4.61
106,Namibe,AO,2022-07-23 22:12:36,-15.1961,12.1522,63.54,89,45,1.39
107,Sunrise Manor,US,2022-07-23 22:12:36,36.2111,-115.0731,104.86,15,0,17.27
108,Isla Mujeres,MX,2022-07-23 22:12:36,21.2311,-86.731,87.85,71,100,10.58
109,Hemsedal,NO,2022-07-23 22:12:37,60.8629,8.5534,51.12,92,80,1.19
110,Lebu,CL,2022-07-23 22:11:57,-37.6167,-73.65,52.03,93,100,4.99
111,Los Llanos De Aridane,ES,2022-07-23 22:12:37,28.6585,-17.9182,69.55,88,100,9.22
112,Marawi,PH,2022-07-23 22:12:38,7.9986,124.2928,68.81,92,90,2.86
113,Longyearbyen,SJ,2022-07-23 22:12:38,78.2186,15.6401,48.04,87,75,6.91
114,Tazmalt,DZ,2022-07-23 22:12:38,36.3868,4.3989,81.39,34,0,3.83
115,Barcelona,ES,2022-07-23 22:07:58,41.3888,2.159,82.62,87,20,5.75
116,Iberia,US,2022-07-23 22:12:39,29.9502,-91.7507,88.99,66,0,8.05
117,Port Alfred,ZA,2022-07-23 22:12:39,-33.5906,26.891,56.68,71,94,22.06
118,Thompson,CA,2022-07-23 22:12:40,55.7435,-97.8558,64.85,40,100,8.52
119,San Javier,ES,2022-07-23 22:12:40,37.8063,-0.8374,81.57,82,0,3.44
120,Luderitz,NA,2022-07-23 22:11:05,-26.6481,15.1594,58.82,65,0,21.72
121,Lorengau,PG,2022-07-23 22:12:41,-2.0226,147.2712,82.85,77,17,7.78
122,Bambous Virieux,MU,2022-07-23 22:12:41,-20.3428,57.7575,69.76,74,50,15.52
123,Pevek,RU,2022-07-23 22:12:41,69.7008,170.3133,36.1,83,96,3.22
124,Mirabad,AF,2022-07-23 22:11:12,30.4362,61.8383,93.76,22,79,17.87
125,Antalaha,MG,2022-07-23 22:12:42,-14.9003,50.2788,68.2,80,59,6.62
126,San Cristobal,VE,2022-07-23 22:09:47,7.7669,-72.225,78.98,48,14,3.76
127,Silver City,US,2022-07-23 22:12:43,32.7701,-108.2803,90.91,29,0,8.05
128,Kudahuvadhoo,MV,2022-07-23 22:12:43,2.6708,72.8944,82.51,73,100,11.36
129,Gweta,BW,2022-07-23 22:12:43,-20.1833,25.2333,67.73,34,83,6.08
130,Margate,GB,2022-07-23 22:12:44,51.3813,1.3862,65.3,73,98,4.0
131,Suleja,NG,2022-07-23 22:12:44,9.1758,7.1808,69.35,95,100,3.0
132,Shibetsu,JP,2022-07-23 22:13:45,43.659,145.132,62.44,92,74,7.45
133,Tungor,RU,2022-07-23 22:13:45,53.3808,142.9564,60.96,75,36,10.56
134,Westlock,CA,2022-07-23 22:13:45,54.1502,-113.8688,75.11,62,36,6.17
135,Eureka,US,2022-07-23 22:13:46,40.8021,-124.1637,69.37,73,35,7.0
136,Shelburne,CA,2022-07-23 22:13:46,44.0787,-80.2041,85.12,43,48,9.37
137,Surt,LY,2022-07-23 22:13:46,31.2089,16.5887,80.4,71,0,10.11
138,Sisimiut,GL,2022-07-23 22:13:47,66.9395,-53.6735,45.46,86,100,4.09
139,Beyneu,KZ,2022-07-23 22:13:12,45.3167,55.2,77.76,51,72,14.45
140,Nikolskoye,RU,2022-07-23 22:13:47,59.7035,30.7861,62.83,98,52,3.67
141,Busselton,AU,2022-07-23 22:13:48,-33.65,115.3333,51.24,68,84,13.02
142,Paragould,US,2022-07-23 22:13:48,36.0584,-90.4973,96.1,54,0,1.01
143,Dunedin,NZ,2022-07-23 22:13:48,-45.8742,170.5036,46.8,63,3,10.0
144,Jamestown,US,2022-07-23 22:13:20,42.097,-79.2353,80.02,80,75,3.0
145,Verkhnevilyuysk,RU,2022-07-23 22:12:12,63.4453,120.3167,65.53,77,3,5.37
146,Port Blair,IN,2022-07-23 22:09:04,11.6667,92.75,78.84,89,75,2.3
147,Luwuk,ID,2022-07-23 22:13:49,-0.9516,122.7875,76.24,90,63,4.43
148,Rudbar,AF,2022-07-23 22:13:49,30.15,62.6,92.34,33,72,11.74
149,Poum,NC,2022-07-23 22:13:50,-20.2333,164.0167,74.93,73,79,8.7
150,Soyo,AO,2022-07-23 22:13:50,-6.1349,12.3689,70.07,90,42,4.5
151,Zhuhai,CN,2022-07-23 22:13:50,22.2769,113.5678,86.86,84,20,3.44
152,Peleduy,RU,2022-07-23 22:13:51,59.6289,112.7406,73.72,73,5,1.5
153,Khatanga,RU,2022-07-23 22:13:51,71.9667,102.5,52.65,81,10,13.56
154,Ohaeawai,NZ,2022-07-23 22:13:51,-35.3509,173.8822,55.81,90,100,11.01
155,Lompoc,US,2022-07-23 22:11:12,34.6391,-120.4579,72.84,70,0,21.99
156,Lielvarde,LV,2022-07-23 22:13:52,56.7207,24.8074,60.94,82,56,4.97
157,Rio Gallegos,AR,2022-07-23 22:11:30,-51.6226,-69.2181,28.45,93,0,11.5
158,Ocampo,MX,2022-07-23 22:13:52,21.65,-101.5,71.62,36,87,1.66
159,Garden City,US,2022-07-23 22:11:13,42.3256,-83.331,92.64,46,20,5.75
160,Barrow,US,2022-07-23 22:13:53,71.2906,-156.7887,37.42,87,100,11.5
161,Taoudenni,ML,2022-07-23 22:13:53,22.6783,-3.9836,100.92,8,0,12.41
162,Ahipara,NZ,2022-07-23 22:13:54,-35.1667,173.1667,55.99,89,100,17.74
163,Nara,JP,2022-07-23 22:13:54,34.6851,135.8049,75.51,70,97,1.16
164,Hohhot,CN,2022-07-23 22:13:54,40.8106,111.6522,66.31,49,45,4.83
165,Barcelos,PT,2022-07-23 22:13:55,41.5388,-8.6151,68.85,84,0,1.83
166,Berezovyy,RU,2022-07-23 22:13:55,51.6667,135.7,67.69,73,8,1.39
167,Iracoubo,GF,2022-07-23 22:13:55,5.4802,-53.2011,79.34,83,100,7.99
168,Talnakh,RU,2022-07-23 22:13:56,69.4865,88.3972,65.21,60,81,4.7
169,Carnarvon,AU,2022-07-23 22:13:56,-24.8667,113.6333,63.63,62,57,17.34
170,Mogadishu,SO,2022-07-23 22:13:56,2.0371,45.3438,75.96,82,75,19.44
171,Jinchang,CN,2022-07-23 22:13:57,38.4953,102.1739,73.56,27,39,8.72
172,Kisangani,CD,2022-07-23 22:13:57,0.5167,25.2,70.52,96,100,2.64
173,Belyy Yar,RU,2022-07-23 22:13:57,53.6039,91.3903,53.49,96,0,4.47
174,Kidal,ML,2022-07-23 22:13:58,18.4411,1.4078,91.85,29,83,6.38
175,Teguldet,RU,2022-07-23 22:13:58,57.3064,88.1667,49.6,93,74,4.99
176,Japura,ID,2022-07-23 22:13:58,-0.3167,102.35,73.04,99,100,0.81
177,Huntsville,US,2022-07-23 22:10:21,34.7304,-86.5861,96.67,55,0,8.99
178,Asau,RO,2022-07-23 22:09:12,46.4333,26.4,73.65,49,52,2.89
179,Baiyin,CN,2022-07-23 22:14:59,36.5583,104.2081,68.31,61,1,2.93
180,Tasiilaq,GL,2022-07-23 22:14:59,65.6145,-37.6368,39.36,82,100,5.88
181,Torbay,CA,2022-07-23 22:15:00,47.6666,-52.7314,79.57,69,20,11.5
182,Kalianget,ID,2022-07-23 22:15:00,-7.05,113.9333,77.9,80,99,8.21
183,Port Moresby,PG,2022-07-23 22:11:07,-9.4431,147.1797,77.31,85,63,7.74
184,Alghero,IT,2022-07-23 22:15:01,40.5589,8.3181,77.09,83,0,1.14
185,Mineral Wells,US,2022-07-23 22:15:01,32.8085,-98.1128,102.76,26,20,12.66
186,Pandaria,IN,2022-07-23 22:15:01,22.2333,81.4167,76.84,90,100,2.77
187,Chokurdakh,RU,2022-07-23 22:14:04,70.6333,147.9167,56.21,47,89,12.3
188,Esperance,AU,2022-07-23 22:15:02,-33.8667,121.9,49.84,67,100,24.27
189,Awbari,LY,2022-07-23 22:15:02,26.5921,12.7805,84.65,21,0,7.92
190,Vanimo,PG,2022-07-23 22:15:03,-2.6741,141.3028,78.33,90,72,4.12
191,Peniche,PT,2022-07-23 22:15:03,39.3558,-9.3811,67.28,91,0,11.16
192,Saint-Leu,RE,2022-07-23 22:15:03,-21.15,55.2833,69.64,72,32,3.42
193,Nizhniy Tsasuchey,RU,2022-07-23 22:15:04,50.5167,115.1333,63.7,78,100,7.16
194,Dikson,RU,2022-07-23 22:15:04,73.5069,80.5464,48.76,79,78,11.07
195,Fonte Boa,BR,2022-07-23 22:15:04,-2.4959,-66.2662,76.03,96,100,0.45
196,Isangel,VU,2022-07-23 22:15:05,-19.55,169.2667,79.27,78,9,13.15
197,Schwedt,DE,2022-07-23 22:15:05,53.0596,14.2815,60.03,79,18,6.24
198,Arlit,NE,2022-07-23 22:15:06,18.7369,7.3853,94.14,26,92,9.98
199,Arraial Do Cabo,BR,2022-07-23 22:12:03,-22.9661,-42.0278,72.05,87,4,21.16
200,Adamovka,RU,2022-07-23 22:15:06,51.5223,59.9396,66.52,56,16,9.24
201,Asyut,EG,2022-07-23 22:15:06,27.181,31.1837,87.31,23,5,14.43
202,Benjamin Constant,BR,2022-07-23 22:15:07,-4.3831,-70.0311,78.93,83,40,9.22
203,Natal,BR,2022-07-23 22:15:07,-5.795,-35.2094,80.82,74,75,13.8
204,Saint Anthony,US,2022-07-23 22:15:08,45.0205,-93.218,78.1,78,20,20.71
205,Palmer,US,2022-07-23 22:11:07,42.1584,-72.3287,95.5,38,20,11.5
206,Verin,ES,2022-07-23 22:15:08,41.9415,-7.4381,75.56,42,0,4.68
207,Bosaso,SO,2022-07-23 22:15:08,11.2842,49.1816,92.52,38,94,23.55
208,Canakkale,TR,2022-07-23 22:15:09,40.0833,26.8333,63.18,47,0,4.76
209,Muros,ES,2022-07-23 22:15:09,42.7762,-9.0603,69.67,78,0,7.54
210,Soe,ID,2022-07-23 22:15:10,-9.8607,124.284,54.99,82,78,3.33
211,Bara,NG,2022-07-23 22:15:10,10.3744,10.7288,72.27,92,88,7.65
212,Nouadhibou,MR,2022-07-23 22:15:10,20.931,-17.0347,76.98,78,0,5.75
213,Itarema,BR,2022-07-23 22:15:11,-2.9248,-39.9167,79.14,75,40,15.99
214,Sao Joao Da Barra,BR,2022-07-23 22:13:44,-21.6403,-41.0511,72.28,84,4,16.37
215,Dudinka,RU,2022-07-23 22:15:11,69.4058,86.1778,63.9,69,53,9.93
216,Saint-Augustin,CA,2022-07-23 22:15:11,51.226,-58.6502,66.78,78,93,7.47
217,Mar Del Plata,AR,2022-07-23 22:15:09,-38.0023,-57.5575,53.67,92,100,3.2
218,Luena,AO,2022-07-23 22:15:12,-11.7833,19.9167,58.95,43,86,2.64
219,Villavieja,ES,2022-07-23 22:15:12,39.85,-0.1833,81.5,83,0,3.2
220,Filingue,NE,2022-07-23 22:15:13,14.3521,3.3168,85.73,50,99,17.27
221,Najran,SA,2022-07-23 22:15:13,17.4924,44.1277,83.05,62,87,14.29
222,Zhigansk,RU,2022-07-23 22:15:13,66.7697,123.3711,55.8,78,45,8.21
223,Hambantota,LK,2022-07-23 22:15:14,6.1241,81.1185,79.09,80,91,18.68
224,Vikhorevka,RU,2022-07-23 22:15:14,56.1201,101.1636,54.99,98,46,4.21
225,Trairi,BR,2022-07-23 22:11:53,-3.2778,-39.2689,79.07,75,34,12.64
226,Magistralnyy,RU,2022-07-23 22:16:14,56.1725,107.4458,58.95,95,100,1.39
227,Dwarka,IN,2022-07-23 22:16:15,22.2394,68.9678,81.73,83,100,21.92
228,Hovd,MN,2022-07-23 22:16:15,48.0056,91.6419,58.3,50,5,2.68
229,Kruisfontein,ZA,2022-07-23 22:16:16,-34.0033,24.7314,49.89,81,42,18.23
230,Constitucion,CL,2022-07-23 22:16:16,-35.3333,-72.4167,54.64,87,100,2.35
231,Marsala,IT,2022-07-23 22:16:16,37.7966,12.4352,84.94,78,0,3.44
232,Moerai,PF,2022-07-23 22:16:17,-22.4333,-151.3333,74.59,83,98,21.97
233,Quime,BO,2022-07-23 22:16:17,-16.9833,-67.2167,53.8,52,0,4.65
234,Chapais,CA,2022-07-23 22:12:26,49.7834,-74.8492,66.52,68,71,8.41
235,Trelleborg,SE,2022-07-23 22:16:18,55.3751,13.1569,59.99,89,100,17.11
236,Sinnamary,GF,2022-07-23 22:16:18,5.3833,-52.95,79.59,82,99,8.21
237,Basco,PH,2022-07-23 22:16:18,20.4487,121.9702,84.36,75,99,7.45
238,Bonthe,SL,2022-07-23 22:16:19,7.5264,-12.505,77.18,78,100,8.99
239,Fort Atkinson,US,2022-07-23 22:16:19,42.9289,-88.8371,84.42,72,37,3.0
240,Hithadhoo,MV,2022-07-23 22:12:00,-0.6,73.0833,81.27,73,100,5.44
241,Kabompo,ZM,2022-07-23 22:16:19,-13.5927,24.2008,60.17,39,22,6.62
242,Haimen,CN,2022-07-23 22:16:20,23.1935,116.6142,82.29,90,47,6.64
243,Wahpeton,US,2022-07-23 22:16:20,46.2652,-96.6059,83.12,57,0,0.0
244,Touros,BR,2022-07-23 22:16:20,-5.1989,-35.4608,76.69,83,51,16.06
245,Bathsheba,BB,2022-07-23 22:13:12,13.2167,-59.5167,83.01,82,20,16.11
246,Qasigiannguit,GL,2022-07-23 22:16:21,68.8193,-51.1922,41.18,97,100,2.93
247,Ust-Kulom,RU,2022-07-23 22:16:21,61.6864,53.6902,57.74,95,7,3.71
248,Olafsvik,IS,2022-07-23 22:16:22,64.8945,-23.7142,51.8,84,46,8.99
249,Atar,MR,2022-07-23 22:14:04,20.5169,-13.0499,81.36,69,100,9.95
250,Srednekolymsk,RU,2022-07-23 22:16:22,67.45,153.6833,62.26,36,1,13.33
251,Khandyga,RU,2022-07-23 22:12:16,62.6667,135.6,66.96,86,4,3.13
252,Pisco,PE,2022-07-23 22:11:58,-13.7,-76.2167,60.85,88,100,5.75
253,Pontes E Lacerda,BR,2022-07-23 22:13:58,-15.2261,-59.3353,82.13,32,3,2.93
254,Puerto El Triunfo,SV,2022-07-23 22:16:23,13.2833,-88.55,92.26,72,82,7.09
255,Chernyshevskiy,RU,2022-07-23 22:11:40,63.0128,112.4714,64.11,90,8,11.92
256,Staraya Toropa,RU,2022-07-23 22:16:23,56.2801,31.6702,63.7,96,98,4.56
257,Bedford,GB,2022-07-23 22:16:24,52.1346,-0.4663,68.81,72,100,12.68
258,Quang Ngai,VN,2022-07-23 22:13:55,15.1167,108.8,74.08,90,4,3.62
259,Ban Dung,TH,2022-07-23 22:16:24,17.699,103.2596,76.1,99,96,3.83
260,Lodja,CD,2022-07-23 22:16:25,-3.4833,23.4333,73.35,71,7,2.98
261,Pacific Grove,US,2022-07-23 22:14:33,36.6177,-121.9166,76.55,80,75,12.66
262,Honningsvag,NO,2022-07-23 22:16:21,70.9821,25.9704,49.75,81,100,20.71
263,Qui Nhon,VN,2022-07-23 22:16:25,13.7667,109.2333,76.46,86,8,3.94
264,Prince George,CA,2022-07-23 22:16:25,53.9166,-122.753,80.26,39,0,12.66
265,Easley,US,2022-07-23 22:13:01,34.8298,-82.6015,97.63,42,40,5.75
266,San Patricio,US,2022-07-23 22:16:26,28.017,-97.5169,95.72,47,23,18.3
267,Bengkulu,ID,2022-07-23 22:13:25,-3.8004,102.2655,74.93,91,91,6.55
268,Amos,CA,2022-07-23 22:16:27,48.5669,-78.1162,80.19,61,91,4.88
269,Erdaojiang,CN,2022-07-23 22:16:27,41.7764,126.0319,64.87,99,100,1.59
270,Oudtshoorn,ZA,2022-07-23 22:16:27,-33.5907,22.2014,46.9,79,74,3.42
271,Ilhabela,BR,2022-07-23 22:17:28,-23.7781,-45.3581,68.27,81,45,4.43
272,Faya,SA,2022-07-23 22:16:36,18.3851,42.4509,60.91,65,100,7.43
273,College,US,2022-07-23 22:13:44,64.8569,-147.8028,65.21,48,40,4.61
274,Namatanai,PG,2022-07-23 22:17:28,-3.6667,152.4333,81.88,71,8,4.72
275,Roma,US,2022-07-23 22:17:29,43.2128,-75.4557,89.82,48,40,5.75
276,Rochelle,FR,2022-07-23 22:17:29,46.25,-1.0,68.52,72,0,5.75
277,Marystown,CA,2022-07-23 22:14:06,47.1666,-55.1483,67.86,100,24,8.01
278,Tazovskiy,RU,2022-07-23 22:16:06,67.4667,78.7,54.19,96,18,6.49
279,Arona,ES,2022-07-23 22:17:30,28.0996,-16.681,77.7,83,20,2.3
280,Abay,KZ,2022-07-23 22:17:30,49.6311,72.8539,44.98,58,57,4.43
281,Aykhal,RU,2022-07-23 22:17:30,66.0,111.5,63.77,69,42,13.8
282,Hasaki,JP,2022-07-23 22:16:16,35.7333,140.8333,79.29,83,99,10.22
283,Roald,NO,2022-07-23 22:13:36,62.5833,6.1333,58.33,88,75,5.75
284,Wakefield,GB,2022-07-23 22:17:31,53.6809,-1.499,68.85,77,100,12.39
285,Araguaina,BR,2022-07-23 22:17:31,-7.1911,-48.2072,84.47,31,85,4.79
286,Kysyl-Syr,RU,2022-07-23 22:15:26,63.8986,122.7617,65.84,77,0,5.61
287,Moroto,UG,2022-07-23 22:17:32,2.5345,34.6666,69.69,62,75,1.97
288,Andenes,NO,2022-07-23 22:17:32,69.3143,16.1194,49.98,81,100,8.05
289,Yulara,AU,2022-07-23 22:17:32,-25.2406,130.9889,56.25,39,0,7.58
290,Green River,US,2022-07-23 22:17:33,41.5286,-109.4662,84.33,25,50,15.68
291,Vestmannaeyjar,IS,2022-07-23 22:17:33,63.4427,-20.2734,54.27,86,100,6.58
292,Shymkent,KZ,2022-07-23 22:17:33,42.3,69.6,84.06,18,0,7.23
293,Bubaque,GW,2022-07-23 22:17:34,11.2833,-15.8333,80.01,80,100,15.57
294,Massaguet,TD,2022-07-23 22:17:34,12.4755,15.4365,84.56,55,20,6.22
295,Ukiah,US,2022-07-23 22:15:12,39.1502,-123.2078,103.15,22,0,5.99
296,Bashmakovo,RU,2022-07-23 22:17:35,53.2133,43.0342,61.81,87,70,5.3
297,Vila Franca Do Campo,PT,2022-07-23 22:17:35,37.7167,-25.4333,76.19,85,96,3.56
298,Akyab,MM,2022-07-23 22:17:36,20.15,92.9,79.0,86,100,8.39
299,Victoria Point,AU,2022-07-23 22:17:36,-27.5833,153.3,60.94,86,10,4.0
300,Jalu,LY,2022-07-23 22:17:36,29.0331,21.5482,80.89,53,0,13.56
301,Maniitsoq,GL,2022-07-23 22:17:37,65.4167,-52.9,45.97,84,88,6.35
302,Miranda,CO,2022-07-23 22:17:37,3.2499,-76.2281,71.73,91,77,0.96
303,Lively,CA,2022-07-23 22:17:38,46.4334,-81.1498,84.63,37,66,9.71
304,Calatayud,ES,2022-07-23 22:17:38,41.3535,-1.6432,77.67,39,0,4.34
305,Maragogi,BR,2022-07-23 22:17:38,-9.0122,-35.2225,75.07,83,16,11.86
306,Sabaudia,IT,2022-07-23 22:17:39,41.3003,13.0282,81.19,93,0,8.5
307,Kaka,TM,2022-07-23 22:17:39,37.3482,59.6143,87.58,33,0,8.03
308,Manokwari,ID,2022-07-23 22:17:39,-0.8667,134.0833,77.92,81,96,5.12
309,Tiznit,MA,2022-07-23 22:17:40,29.5833,-9.5,87.85,26,90,0.07
310,Bandar-E Lengeh,IR,2022-07-23 22:17:40,26.5579,54.8807,91.74,74,78,9.01
311,Coihaique,CL,2022-07-23 22:17:40,-45.5752,-72.0662,30.81,86,100,0.0
312,Manzil Salim,TN,2022-07-23 22:17:41,35.8567,8.4765,82.36,30,7,9.6
313,Raton,US,2022-07-23 22:17:41,36.9034,-104.4391,95.34,21,0,3.44
314,Upernavik,GL,2022-07-23 22:17:41,72.7868,-56.1549,42.93,96,100,4.76
315,Chuy,UY,2022-07-23 22:18:42,-33.6971,-53.4616,62.08,89,74,7.65
316,Ushibuka,JP,2022-07-23 22:18:42,32.1906,130.0228,77.68,81,72,6.87
317,Carman,CA,2022-07-23 22:18:42,49.4992,-98.0016,71.94,72,82,13.31
318,Makakilo City,US,2022-07-23 22:18:43,21.3469,-158.0858,86.32,50,75,17.27
319,Mumbwa,ZM,2022-07-23 22:18:43,-14.9783,27.0619,59.77,60,17,5.44
320,Taunton,GB,2022-07-23 22:18:43,51.0211,-3.1047,66.76,88,96,8.01
321,Fort Nelson,CA,2022-07-23 22:15:50,58.8053,-122.7002,69.39,52,40,3.44
322,Smirnykh,RU,2022-07-23 22:18:44,49.75,142.8333,60.33,98,100,0.78
323,Coahuayana,MX,2022-07-23 22:18:44,18.7333,-103.6833,87.62,63,100,5.37
324,Yerofey Pavlovich,RU,2022-07-23 22:18:45,53.9667,121.9667,64.99,76,0,2.8
325,El Tigre,VE,2022-07-23 22:18:45,8.8875,-64.2454,85.71,47,21,10.02
326,Guerrero Negro,MX,2022-07-23 22:18:45,27.9769,-114.0611,75.81,58,11,16.04
327,Zabol,AF,2022-07-23 22:18:46,32.25,67.25,76.08,55,91,6.71
328,Komsomolskiy,UZ,2022-07-23 22:18:46,40.4272,71.7189,87.87,16,2,4.54
329,Zhirnovsk,RU,2022-07-23 22:18:46,50.9845,44.7735,60.58,88,94,5.93
330,Codrington,AU,2022-07-23 22:18:47,-38.2667,141.9667,46.47,94,5,7.05
331,Paamiut,GL,2022-07-23 22:18:47,61.994,-49.6678,43.77,90,9,5.19
332,Sitia,GR,2022-07-23 22:18:47,35.2,26.0986,81.99,61,0,15.19
333,Lata,PT,2022-07-23 22:18:48,40.1629,-8.3327,61.16,78,0,1.92
334,Matara,LK,2022-07-23 22:18:48,5.9485,80.5353,78.17,86,94,12.88
335,Faanui,PF,2022-07-23 22:15:13,-16.4833,-151.75,79.56,73,9,12.91
336,Omboue,GA,2022-07-23 22:18:49,-1.5746,9.2618,70.74,85,88,4.03
337,Aksha,RU,2022-07-23 22:18:49,50.2814,113.2867,60.3,76,100,0.2
338,Tuatapere,NZ,2022-07-23 22:15:00,-46.1333,167.6833,42.04,89,59,3.27
339,Bundaberg,AU,2022-07-23 22:18:49,-24.85,152.35,57.96,82,0,9.31
340,Acapulco,MX,2022-07-23 22:16:39,16.8634,-99.8901,85.82,70,75,9.22
341,Kununurra,AU,2022-07-23 22:18:50,-15.7667,128.7333,46.38,87,3,1.14
342,Vardo,NO,2022-07-23 22:14:24,70.3705,31.1107,49.98,93,70,13.8
343,Seoul,KR,2022-07-23 22:18:49,37.5683,126.9778,74.77,88,75,8.05
344,Chara,RU,2022-07-23 22:18:50,56.9064,118.2631,68.74,71,9,2.59
345,Khani,GE,2022-07-23 22:18:51,41.9563,42.9566,56.77,84,59,2.28
346,Santiago Del Estero,AR,2022-07-23 22:18:51,-27.7951,-64.2615,75.74,47,100,5.61
347,Mercedes,AR,2022-07-23 22:18:51,-34.6515,-59.4307,62.04,89,50,6.4
348,Baykit,RU,2022-07-23 22:18:52,61.67,96.37,59.07,98,100,3.94
349,Vanavara,RU,2022-07-23 22:18:52,60.34,102.2797,58.05,97,91,5.41
350,Saldanha,ZA,2022-07-23 22:18:52,-33.0117,17.9442,50.05,68,0,21.77
351,Truro,GB,2022-07-23 22:18:53,50.2653,-5.0544,65.84,100,75,14.97
352,Bhuj,IN,2022-07-23 22:18:53,23.2667,69.6667,80.22,85,100,19.08
353,Byron Bay,AU,2022-07-23 22:18:53,-28.65,153.6167,58.95,84,81,13.06
354,Kigorobya,UG,2022-07-23 22:18:54,1.6162,31.3089,68.38,69,67,4.16
355,Fougamou,GA,2022-07-23 22:18:54,-1.2154,10.5838,72.72,75,83,3.49
356,Mogok,MM,2022-07-23 22:18:55,22.9167,96.5,65.89,99,99,2.33
357,Ribeira Grande,PT,2022-07-23 22:18:55,38.5167,-28.7,74.55,86,59,5.91
358,Upata,VE,2022-07-23 22:18:55,8.0086,-62.3989,80.19,81,80,1.28
359,Zabaykalsk,RU,2022-07-23 22:18:56,49.6333,117.3167,62.51,91,100,4.52
360,Iqaluit,CA,2022-07-23 22:18:56,63.7506,-68.5145,47.93,87,100,3.44
361,Wainwright,CA,2022-07-23 22:18:56,52.839,-110.8572,69.26,50,8,2.17
362,Praia,CV,2022-07-23 22:18:57,14.9215,-23.5087,78.49,85,95,5.66
363,Karratha,AU,2022-07-23 22:19:57,-20.7377,116.8463,60.75,50,0,9.95
364,Kahului,US,2022-07-23 22:19:57,20.8947,-156.47,89.62,54,40,19.57
365,Kyshtovka,RU,2022-07-23 22:19:58,56.555,76.6271,51.19,96,94,9.01
366,Carora,VE,2022-07-23 22:19:58,10.1755,-70.0827,88.05,36,69,8.77
367,Paka,MY,2022-07-23 22:19:58,4.6374,103.4368,76.93,94,99,0.0
368,Beringovskiy,RU,2022-07-23 22:19:59,63.05,179.3167,44.78,82,100,14.58
369,Qobustan,AZ,2022-07-23 22:19:59,40.0824,49.412,75.45,72,15,12.57
370,Derzhavinsk,KZ,2022-07-23 22:19:59,51.1,66.3167,65.12,65,0,7.05
371,Yar-Sale,RU,2022-07-23 22:20:00,66.8333,70.8333,49.89,80,86,18.99
372,Lillooet,CA,2022-07-23 22:18:28,50.6856,-121.942,90.95,24,12,0.65
373,Saint George,US,2022-07-23 22:17:34,37.1041,-113.5841,102.63,20,0,13.8
374,Klaksvik,FO,2022-07-23 22:20:01,62.2266,-6.589,50.92,91,97,17.85
375,Hirara,JP,2022-07-23 22:20:01,24.8,125.2833,84.56,78,79,10.67
376,Samfya,ZM,2022-07-23 22:20:01,-11.3649,29.5565,64.22,53,80,5.48
377,Mehamn,NO,2022-07-23 22:19:52,71.0357,27.8492,49.95,93,100,17.27
378,Camacha,PT,2022-07-23 22:20:02,33.0833,-16.3333,66.7,91,3,11.01
379,Tiksi,RU,2022-07-23 22:16:23,71.6872,128.8694,48.74,80,29,5.7
380,Jos,NG,2022-07-23 22:20:03,9.9167,8.9,63.19,95,100,3.62
381,Richards Bay,ZA,2022-07-23 22:19:56,-28.783,32.0377,68.99,79,53,13.47
382,Sungai Besar,MY,2022-07-23 22:18:59,3.6746,100.9867,75.42,92,92,4.09
383,Bartica,GY,2022-07-23 22:20:03,6.4,-58.6167,75.67,97,100,3.53
384,Sterling,US,2022-07-23 22:17:12,39.0062,-77.4286,97.25,46,20,8.99
385,Coquimbo,CL,2022-07-23 22:20:04,-29.9533,-71.3436,55.13,82,100,4.61
386,Alta Floresta,BR,2022-07-23 22:17:33,-9.8756,-56.0861,82.35,29,4,3.2
387,Bazarnyye Mataki,RU,2022-07-23 22:20:04,54.8833,49.9333,67.41,67,79,1.23
388,Tautira,PF,2022-07-23 22:20:04,-17.7333,-149.15,78.82,77,5,15.9
389,Ostrovnoy,RU,2022-07-23 22:20:05,68.0531,39.5131,50.0,90,97,4.18
390,Puri,IN,2022-07-23 22:20:05,19.8,85.85,83.21,82,88,14.0
391,Katsuura,JP,2022-07-23 22:20:06,35.1333,140.3,79.05,83,98,12.06
392,Joutseno,FI,2022-07-23 22:20:06,61.118,28.5076,62.78,95,53,6.13
393,Merauke,ID,2022-07-23 22:20:06,-8.4667,140.3333,76.05,91,79,10.83
394,Chimbote,PE,2022-07-23 22:20:07,-9.0853,-78.5783,64.74,79,61,8.66
395,Alihe,CN,2022-07-23 22:20:07,50.5667,123.7167,65.93,83,39,1.43
396,Bollnas,SE,2022-07-23 22:20:07,61.3482,16.3946,54.32,84,100,2.42
397,Sete,FR,2022-07-23 22:20:08,43.4018,3.6966,81.75,45,1,9.86
398,Batsfjord,NO,2022-07-23 22:20:08,70.6345,29.7185,51.58,81,100,24.16
399,Boddam,GB,2022-07-23 22:20:09,57.4667,-1.7833,60.49,94,100,19.01
400,Hamilton,US,2022-07-23 22:17:26,39.1834,-84.5333,89.6,55,0,8.05
401,Semey,KZ,2022-07-23 22:20:09,50.4111,80.2275,70.02,43,99,3.44
402,Anadyr,RU,2022-07-23 22:20:09,64.75,177.4833,47.7,68,100,6.08
403,Bodaybo,RU,2022-07-23 22:20:10,57.8506,114.1933,69.64,81,3,3.0
404,Kilindoni,TZ,2022-07-23 22:20:10,-7.9139,39.6668,74.82,76,10,13.09
405,Fasa,IR,2022-07-23 22:20:10,28.9383,53.6482,80.38,40,4,2.42
406,Xuanhua,CN,2022-07-23 22:20:11,40.6103,115.0447,70.47,54,4,2.04
407,Miles City,US,2022-07-23 22:20:11,46.4083,-105.8406,86.72,23,0,10.49
408,Biak,ID,2022-07-23 22:20:11,-0.9131,122.8766,75.02,86,53,5.3
409,Kurayoshi,JP,2022-07-23 22:21:12,35.4333,133.8167,73.31,81,96,3.18
410,Albesti,RO,2022-07-23 22:21:12,47.7,27.0667,73.09,46,24,5.26
411,Tuy Hoa,VN,2022-07-23 22:21:13,13.0833,109.3,75.31,90,63,3.49
412,Riyadh,SA,2022-07-23 22:21:13,24.6877,46.7219,95.14,15,95,7.81
413,Junin,AR,2022-07-23 22:21:13,-34.5838,-60.9433,61.9,98,20,5.17
414,Shimoda,JP,2022-07-23 22:17:33,34.6667,138.95,79.11,78,100,6.15
415,Dubti,ET,2022-07-23 22:21:14,11.7361,41.0853,94.41,35,45,6.53
416,Jackson,US,2022-07-23 22:21:14,42.4165,-122.8345,91.15,28,0,4.0
417,Greenwood,US,2022-07-23 22:19:56,34.1668,-82.1165,95.36,51,0,6.91
418,Inyonga,TZ,2022-07-23 22:21:15,-6.7167,32.0667,64.2,51,4,4.79
419,Cap-Aux-Meules,CA,2022-07-23 22:21:15,47.3821,-61.8597,77.05,73,0,8.05
420,Upington,ZA,2022-07-23 22:20:22,-28.4478,21.2561,46.78,66,0,5.75
421,Laguna,US,2022-07-23 22:19:06,38.421,-121.4238,97.39,11,0,8.39
422,Gannan,CN,2022-07-23 22:21:15,47.9147,123.5031,66.65,93,100,5.53
423,Naze,JP,2022-07-23 22:21:16,28.3667,129.4833,79.72,73,100,0.72
424,Saint-Francois,FR,2022-07-23 22:21:16,46.4154,3.9054,65.64,82,0,0.0
425,Comodoro Rivadavia,AR,2022-07-23 22:20:25,-45.8667,-67.5,38.01,68,100,5.93
426,Galle,LK,2022-07-23 22:21:17,6.0367,80.217,78.67,86,82,14.0
427,Kasiri,SL,2022-07-23 22:21:17,8.9412,-13.1148,80.78,84,61,7.2
428,Portel,BR,2022-07-23 22:21:18,-1.9356,-50.8211,83.08,62,100,1.1
429,Kajaani,FI,2022-07-23 22:21:18,64.2273,27.7285,54.66,91,38,5.95
430,Saint Augustine,US,2022-07-23 22:21:18,29.8947,-81.3145,86.18,62,8,11.59
431,Palmerston,AU,2022-07-23 22:21:19,-12.486,130.9833,59.9,94,70,0.0
432,Khor,RU,2022-07-23 22:21:19,47.8861,134.9464,64.6,91,48,4.03
433,Zeulenroda,DE,2022-07-23 22:21:19,50.65,11.9833,62.78,73,57,2.42
434,Ambon,ID,2022-07-23 22:21:20,-3.6954,128.1814,77.18,73,94,9.4
435,Manoel Urbano,BR,2022-07-23 22:21:20,-8.8389,-69.2597,83.75,65,22,2.59
436,Noeux-Les-Mines,FR,2022-07-23 22:21:20,50.4801,2.6657,65.12,81,96,6.17
437,Kikwit,CD,2022-07-23 22:21:21,-5.041,18.8162,76.62,59,53,2.42
438,Chamba,IN,2022-07-23 22:21:21,32.5667,76.1333,75.54,87,97,1.7
439,Morwell,AU,2022-07-23 22:21:21,-38.2333,146.4,47.34,98,94,1.45
440,Cayenne,GF,2022-07-23 22:21:22,4.9333,-52.3333,79.52,81,93,7.52
441,Port Hardy,CA,2022-07-23 22:18:55,50.6996,-127.4199,64.58,72,40,13.8
442,Portland,US,2022-07-23 22:21:22,45.5234,-122.6762,83.98,51,20,4.61
443,Saint-Gaudens,FR,2022-07-23 22:21:22,43.0833,0.6667,63.01,69,0,4.12
444,Vila Velha,BR,2022-07-23 22:21:23,-20.3297,-40.2925,73.35,85,20,5.75
445,Harper,LR,2022-07-23 22:21:23,4.375,-7.7169,74.86,75,68,8.05
446,Sao Francisco,BR,2022-07-23 22:21:24,-15.9486,-44.8644,74.25,37,0,3.67
447,Tura,IN,2022-07-23 22:21:24,25.5198,90.2201,73.44,99,100,3.47
448,Azul,AR,2022-07-23 22:19:37,-36.777,-59.8585,53.35,90,91,4.5
449,Raymond,US,2022-07-23 22:21:24,43.9015,-70.4703,90.91,48,16,5.17
450,Rocky Mountain House,CA,2022-07-23 22:21:25,52.3668,-114.9188,71.08,71,16,8.32
451,Fukue,JP,2022-07-23 22:21:25,32.6881,128.8419,79.72,88,97,13.31
452,Port Hueneme,US,2022-07-23 22:21:25,34.1478,-119.1951,96.24,72,100,11.5
453,Tilichiki,RU,2022-07-23 22:21:26,60.4667,166.1,48.47,79,100,7.85
454,Christchurch,NZ,2022-07-23 22:20:06,-43.5333,172.6333,42.42,93,100,2.3
455,Berlevag,NO,2022-07-23 22:22:27,70.8578,29.0864,50.36,92,100,21.12
456,Nizwa,OM,2022-07-23 22:17:47,22.9333,57.5333,86.52,60,40,3.36
457,Nome,US,2022-07-23 22:20:28,64.5011,-165.4064,48.27,87,100,12.66
458,Esso,RU,2022-07-23 22:22:28,55.9333,158.7,64.09,48,7,6.46
459,Belle Fourche,US,2022-07-23 22:22:28,44.6714,-103.8522,89.31,24,94,12.39
460,Sinegorsk,RU,2022-07-23 22:22:28,47.1667,142.5,53.38,99,100,4.38
461,Dingle,PH,2022-07-23 22:22:29,10.9995,122.6711,77.07,91,82,1.57
462,Dharchula,IN,2022-07-23 22:22:29,29.85,80.5333,73.44,91,100,1.57
463,Sinegorye,RU,2022-07-23 22:22:29,62.0788,150.477,62.73,51,100,2.37
464,San Policarpo,PH,2022-07-23 22:22:30,12.1791,125.5072,80.76,82,94,0.45
465,Karla,EE,2022-07-23 22:22:30,59.3723,24.9275,58.87,96,71,6.46
466,Mitsamiouli,KM,2022-07-23 22:22:31,-11.3847,43.2844,75.42,71,30,4.14
467,Iwanai,JP,2022-07-23 22:22:31,42.9744,140.5089,66.51,95,100,4.63
468,Monywa,MM,2022-07-23 22:22:31,22.1167,95.1333,79.93,80,98,6.85
469,Vila Do Maio,CV,2022-07-23 22:22:32,15.1333,-23.2167,79.59,86,74,5.97
470,Tiarei,PF,2022-07-23 22:22:32,-17.5333,-149.3333,84.22,78,14,16.02
471,Imbituba,BR,2022-07-23 22:17:58,-28.24,-48.6703,63.39,96,26,6.82
472,Ayagoz,KZ,2022-07-23 22:21:35,47.9714,80.4392,61.52,45,68,2.06
473,Yazykovo,RU,2022-07-23 22:22:33,55.2199,56.1353,62.4,80,76,1.95
474,Shaunavon,CA,2022-07-23 22:22:33,49.6501,-108.4181,71.38,35,30,11.72
475,Ndele,CF,2022-07-23 22:22:34,8.4109,20.6473,68.56,97,60,1.79
476,Alta,NO,2022-07-23 22:22:34,69.9689,23.2717,52.2,81,100,16.11
477,West Bay,KY,2022-07-23 22:22:34,19.3667,-81.4167,87.08,74,20,5.75
478,Aberystwyth,GB,2022-07-23 22:22:35,52.4155,-4.0829,63.9,96,100,17.94
479,Humaita,BR,2022-07-23 22:22:35,-7.5061,-63.0208,85.71,42,10,2.15
480,Borgo San Dalmazzo,IT,2022-07-23 22:22:35,44.333,7.4858,75.67,100,13,3.78
481,Chifeng,CN,2022-07-23 22:22:36,42.2683,118.9636,65.71,79,0,1.59
482,Kalutara,LK,2022-07-23 22:22:36,6.5831,79.9593,77.99,87,98,9.33
483,Gavrilov Posad,RU,2022-07-23 22:22:37,56.5597,40.1175,64.85,74,41,4.18
484,Vitry-Le-Francois,FR,2022-07-23 22:22:37,48.7333,4.5833,68.86,85,92,2.01
485,Narasannapeta,IN,2022-07-23 22:22:37,18.4167,84.05,80.15,85,97,5.26
486,Darhan,MN,2022-07-23 22:22:38,49.4867,105.9228,55.11,85,77,4.54
487,Ancud,CL,2022-07-23 22:22:38,-41.8697,-73.8203,46.22,91,100,1.32
488,Talalayivka,UA,2022-07-23 22:22:39,50.9578,31.9209,64.94,72,0,1.95
489,Dulce Nombre De Culmi,HN,2022-07-23 22:22:39,15.1,-85.5333,86.23,76,90,3.85
490,Avera,US,2022-07-23 22:18:48,33.194,-82.5271,92.71,42,51,1.83
491,Mabaruma,GY,2022-07-23 22:22:39,8.2,-59.7833,77.79,84,15,4.47
492,Beamsville,CA,2022-07-23 22:22:40,43.1668,-79.4829,89.83,72,46,11.5
493,Udachnyy,RU,2022-07-23 22:23:40,66.4167,112.4,62.46,77,55,12.24
494,Verkhoyansk,RU,2022-07-23 22:23:40,67.5447,133.385,58.19,92,100,2.98
495,Forio,IT,2022-07-23 22:23:41,40.7342,13.8646,82.69,76,0,1.01
496,Saint-Georges,GD,2022-07-23 22:20:58,12.0564,-61.7485,82.08,74,20,13.8
497,Uyemskiy,RU,2022-07-23 22:23:41,64.4743,40.8524,57.18,99,100,4.29
498,Luorong,CN,2022-07-23 22:23:42,24.4058,109.6086,78.04,84,0,1.57
499,Naifaru,MV,2022-07-23 22:23:42,5.4444,73.3657,81.66,77,88,15.77
500,Bandarbeyla,SO,2022-07-23 22:21:17,9.4942,50.8122,76.15,83,28,30.24
501,Latung,PH,2022-07-23 22:23:42,5.5,120.8833,82.06,78,67,7.31
502,Zhezkazgan,KZ,2022-07-23 22:22:19,47.8043,67.7144,73.62,30,29,8.81
503,Port Lincoln,AU,2022-07-23 22:23:43,-34.7333,135.8667,55.67,66,69,14.65
504,Desbiens,CA,2022-07-23 22:23:43,48.4178,-71.9495,81.25,60,75,9.13
505,Faribault,US,2022-07-23 22:21:47,44.295,-93.2688,79.23,72,40,6.91
506,Hay River,CA,2022-07-23 22:23:44,60.8156,-115.7999,78.78,38,41,13.8
507,Jalingo,NG,2022-07-23 22:23:44,8.8833,11.3667,71.38,95,81,2.39
508,Baruun-Urt,MN,2022-07-23 22:23:44,46.6806,113.2792,64.4,48,91,9.31
509,Vaitape,PF,2022-07-23 22:19:47,-16.5167,-151.75,79.56,73,9,13.0
510,Rio Grande,BR,2022-07-23 22:23:45,-32.035,-52.0986,62.71,98,63,7.76
511,Mapimi,MX,2022-07-23 22:23:45,25.8167,-103.85,94.39,18,25,12.21
512,Turukhansk,RU,2022-07-23 22:20:23,65.8167,87.9833,61.59,83,100,6.35
513,Tanout,NE,2022-07-23 22:23:46,14.9709,8.8879,87.66,41,50,9.13
514,Tabriz,IR,2022-07-23 22:23:46,38.08,46.2919,71.06,56,0,9.22
515,Ust-Nera,RU,2022-07-23 22:23:46,64.5667,143.2,66.24,76,97,7.85
516,Pangody,RU,2022-07-23 22:23:47,65.85,74.4859,48.65,95,93,10.96
517,San Jeronimo,PE,2022-07-23 22:23:47,-11.9472,-75.2829,63.1,35,71,6.26
518,Labuhan,ID,2022-07-23 22:18:57,-6.8844,112.2051,74.71,86,87,8.25
519,Maddur,IN,2022-07-23 22:23:48,12.6,77.0667,69.71,89,77,7.25
520,Dalby,AU,2022-07-23 22:23:48,-27.1833,151.2667,53.01,80,0,5.95
521,Seymchan,RU,2022-07-23 22:23:48,62.8833,152.4333,66.25,44,100,4.72
522,Crossville,US,2022-07-23 22:20:34,35.949,-85.0269,88.48,57,0,5.75
523,Tucuma,BR,2022-07-23 22:23:49,-0.1833,-50.05,78.46,85,86,7.02
524,Marzuq,YE,2022-07-23 22:23:49,14.4,46.4667,79.74,59,25,7.81
525,Tieling,CN,2022-07-23 22:23:49,42.2931,123.8414,67.46,96,68,4.32
526,Iquitos,PE,2022-07-23 22:23:50,-3.7481,-73.2472,87.84,62,40,4.61
527,Yaval,IN,2022-07-23 22:23:50,21.1667,75.7,74.98,94,100,10.42
528,Shirokiy,RU,2022-07-23 22:23:51,49.758,129.523,63.41,93,24,4.94
529,Qaqortoq,GL,2022-07-23 22:23:51,60.7167,-46.0333,44.65,88,99,4.05
530,Katherine,AU,2022-07-23 22:23:51,-14.4667,132.2667,46.72,71,27,6.91
531,Ancona,IT,2022-07-23 22:22:11,43.55,13.1667,86.34,39,80,2.3
532,Auki,SB,2022-07-23 22:23:52,-8.7676,160.7034,81.54,74,13,2.93
533,Nyurba,RU,2022-07-23 22:23:52,63.2842,118.3319,66.18,76,7,8.28
534,Port Macquarie,AU,2022-07-23 22:23:52,-31.4333,152.9167,53.89,81,90,7.49
535,Plettenberg Bay,ZA,2022-07-23 22:23:53,-34.0527,23.3716,52.84,78,79,10.56
536,Opuwo,NA,2022-07-23 22:23:53,-18.0607,13.84,61.36,36,0,3.6
537,Dankov,RU,2022-07-23 22:23:54,53.2515,39.1555,63.59,81,31,6.55
538,Almaznyy,RU,2022-07-23 22:23:54,48.0448,40.045,59.68,83,41,7.43
539,Ridgecrest,US,2022-07-23 22:24:54,35.6225,-117.6709,103.64,7,52,13.22
540,Damara,CF,2022-07-23 22:24:55,4.9608,18.7035,70.03,93,61,2.53
541,Codo,BR,2022-07-23 22:24:55,-4.4553,-43.8856,80.33,49,83,0.04
542,Mitreni,RO,2022-07-23 22:24:55,44.1667,26.6,80.73,46,0,8.05
543,Ranot,TH,2022-07-23 22:24:56,7.7777,100.3213,79.54,82,100,2.82
544,Lanzhou,CN,2022-07-23 22:24:56,36.0564,103.7922,71.2,56,0,1.52
545,Kemijarvi,FI,2022-07-23 22:24:56,66.7131,27.4306,50.29,85,38,5.59
546,Xifeng,CN,2022-07-23 22:24:57,42.7372,124.7222,66.15,95,91,3.36
547,Beihai,CN,2022-07-23 22:24:57,21.4833,109.1,84.96,71,4,10.51
548,Atakpame,TG,2022-07-23 22:24:57,7.5333,1.1333,70.0,94,100,1.79
549,San Andres,CO,2022-07-23 22:24:58,12.5847,-81.7006,82.17,81,64,17.58
550,Jaciara,BR,2022-07-23 22:24:58,-15.9653,-54.9683,80.87,29,41,0.54
551,Tyukhtet,RU,2022-07-23 22:24:58,56.5389,89.3011,53.35,84,32,4.72
552,Oksbol,DK,2022-07-23 22:24:59,55.6268,8.2876,55.9,84,9,7.81
553,Ichhawar,IN,2022-07-23 22:24:59,23.0167,77.0167,73.26,98,100,9.04
554,Ketchikan,US,2022-07-23 22:24:59,55.3422,-131.6461,59.47,82,100,13.8
555,Biloela,AU,2022-07-23 22:25:00,-24.4167,150.5,56.43,75,0,5.44
556,San Quintin,MX,2022-07-23 22:25:00,30.4833,-115.95,72.0,65,27,10.58
557,Havre-Saint-Pierre,CA,2022-07-23 22:25:00,50.2334,-63.5986,66.42,80,6,5.79
558,Ocotal,NI,2022-07-23 22:25:01,13.6321,-86.4752,75.63,76,97,6.08
559,Estelle,US,2022-07-23 22:25:01,29.8458,-90.1067,91.99,63,75,4.61
560,Haines Junction,CA,2022-07-23 22:25:02,60.7522,-137.5108,59.36,46,87,7.2
561,Lakes Entrance,AU,2022-07-23 22:25:02,-37.8811,147.981,50.38,73,77,4.16
562,Weinan,CN,2022-07-23 22:25:02,34.5036,109.5089,70.14,72,0,2.55
563,Gao,ML,2022-07-23 22:25:03,16.6362,1.637,94.62,35,45,13.87
564,Abu Dhabi,AE,2022-07-23 22:24:57,24.4667,54.3667,92.98,73,75,0.72
565,Grand Gaube,MU,2022-07-23 22:25:03,-20.0064,57.6608,69.39,72,30,5.01
566,Codajas,BR,2022-07-23 22:25:03,-3.8367,-62.0569,81.7,67,95,0.74
567,Villeneuve-Sur-Lot,FR,2022-07-23 22:25:04,44.5,0.6667,68.94,44,3,6.85
568,Severo-Yeniseyskiy,RU,2022-07-23 22:25:04,60.3725,93.0408,44.92,94,83,6.04
569,Sembe,CG,2022-07-23 22:23:30,1.6481,14.5806,70.39,97,46,1.45
