City_ID,City,Country,Date,Lat,Lng,Max Temp,Humidity,Cloudiness,Wind Speed,Current Description
0,Bredasdorp,ZA,2022-07-29 03:21:28,-34.5322,20.0403,55.74,62,27,11.68,scattered clouds
1,Yellowknife,CA,2022-07-29 03:21:28,62.456,-114.3525,64.92,48,75,14.97,broken clouds
2,Faanui,PF,2022-07-29 03:21:28,-16.4833,-151.75,79.54,73,4,22.1,clear sky
3,Mar Del Plata,AR,2022-07-29 03:21:29,-38.0023,-57.5575,47.08,82,100,10.36,mist
4,Lavrentiya,RU,2022-07-29 03:21:29,65.5833,-171.0,46.17,86,99,5.3,overcast clouds
5,Liverpool,GB,2022-07-29 03:18:45,53.4106,-2.9779,62.15,86,20,6.91,few clouds
6,Kaitangata,NZ,2022-07-29 03:21:30,-46.2817,169.8464,48.0,71,97,8.01,overcast clouds
7,Rikitea,PF,2022-07-29 03:21:30,-23.1203,-134.9692,73.29,74,9,20.67,light rain
8,Rapid Valley,US,2022-07-29 03:21:30,44.0625,-103.1463,72.52,44,0,5.99,clear sky
9,Ushuaia,AR,2022-07-29 03:21:31,-54.8,-68.3,40.66,81,75,9.22,light rain
10,Yanam,IN,2022-07-29 03:21:31,16.7333,82.2167,87.98,62,15,1.92,few clouds
11,Yazykovo,RU,2022-07-29 03:21:31,55.2199,56.1353,60.73,75,98,5.77,overcast clouds
12,Longyearbyen,SJ,2022-07-29 03:21:32,78.2186,15.6401,42.64,87,75,3.44,broken clouds
13,Osa,RU,2022-07-29 03:21:32,57.2829,55.4567,63.32,70,84,3.38,broken clouds
14,Kodiak,US,2022-07-29 03:21:32,57.79,-152.4072,62.11,59,0,4.61,clear sky
15,Poum,NC,2022-07-29 03:21:33,-20.2333,164.0167,72.25,72,98,7.0,overcast clouds
16,Cherskiy,RU,2022-07-29 03:21:33,68.75,161.3,63.45,33,72,5.55,broken clouds
17,Inhambane,MZ,2022-07-29 03:21:33,-23.865,35.3833,59.79,84,7,5.99,clear sky
18,Saskylakh,RU,2022-07-29 03:21:34,71.9167,114.0833,62.46,81,100,4.61,overcast clouds
19,Wegrow,PL,2022-07-29 03:21:34,52.3995,22.0163,52.92,89,58,5.39,broken clouds
20,Port Lincoln,AU,2022-07-29 03:21:34,-34.7333,135.8667,57.31,66,94,15.46,overcast clouds
21,Port Blair,IN,2022-07-29 03:19:50,11.6667,92.75,84.09,74,30,6.49,scattered clouds
22,Carnarvon,AU,2022-07-29 03:21:35,-24.8667,113.6333,72.01,61,100,4.94,overcast clouds
23,Plast,RU,2022-07-29 03:21:35,54.3691,60.8136,57.76,87,99,12.64,overcast clouds
24,Nouadhibou,MR,2022-07-29 03:21:36,20.931,-17.0347,71.83,80,5,19.26,clear sky
25,Avarua,CK,2022-07-29 03:20:07,-21.2078,-159.775,77.05,78,40,19.57,scattered clouds
26,Cape Town,ZA,2022-07-29 03:21:36,-33.9258,18.4232,57.88,84,40,24.16,scattered clouds
27,Poole,GB,2022-07-29 03:21:36,50.7167,-2.0,62.01,85,55,5.86,broken clouds
28,Ixtapa,MX,2022-07-29 03:21:37,20.7,-105.2,85.23,70,75,6.91,broken clouds
29,Hermanus,ZA,2022-07-29 03:21:37,-34.4187,19.2345,60.8,75,87,22.15,overcast clouds
30,Kloulklubed,PW,2022-07-29 03:21:38,7.0419,134.2556,86.5,74,100,9.8,overcast clouds
31,Busselton,AU,2022-07-29 03:21:38,-33.65,115.3333,60.66,61,90,21.99,overcast clouds
32,Raudeberg,NO,2022-07-29 03:21:38,61.9875,5.1352,50.95,77,100,7.58,overcast clouds
33,Verkhoyansk,RU,2022-07-29 03:21:39,67.5447,133.385,86.99,34,18,2.86,few clouds
34,Tiksi,RU,2022-07-29 03:21:39,71.6872,128.8694,52.2,80,100,7.9,overcast clouds
35,Punta Arenas,CL,2022-07-29 03:18:22,-53.15,-70.9167,39.31,87,20,26.46,few clouds
36,Saint George,US,2022-07-29 03:21:39,37.1041,-113.5841,81.19,67,40,8.05,thunderstorm
37,Acarau,BR,2022-07-29 03:21:40,-2.8856,-40.12,77.0,85,92,10.78,overcast clouds
38,Pangnirtung,CA,2022-07-29 03:21:40,66.1451,-65.7125,49.14,77,85,1.12,overcast clouds
39,Esperance,AU,2022-07-29 03:21:40,-33.8667,121.9,66.02,69,95,14.83,overcast clouds
40,Huilong,CN,2022-07-29 03:21:41,31.8111,121.655,87.93,70,40,13.85,scattered clouds
41,Qaanaaq,GL,2022-07-29 03:21:41,77.484,-69.3632,37.98,76,59,3.04,broken clouds
42,Thompson,CA,2022-07-29 03:21:41,55.7435,-97.8558,62.76,72,40,0.0,scattered clouds
43,Georgetown,MY,2022-07-29 03:18:21,5.4112,100.3354,87.89,75,20,8.05,few clouds
44,Leh,IN,2022-07-29 03:21:42,34.1667,77.5833,59.14,70,98,1.61,overcast clouds
45,Bengkulu,ID,2022-07-29 03:21:42,-3.8004,102.2655,84.0,66,78,5.01,broken clouds
46,Umm Kaddadah,SD,2022-07-29 03:22:43,13.6017,26.6876,79.66,62,100,10.16,overcast clouds
47,Butaritari,KI,2022-07-29 03:22:43,3.0707,172.7902,82.08,73,58,14.52,broken clouds
48,Ewa Beach,US,2022-07-29 03:22:43,21.3156,-158.0072,85.95,55,20,11.5,few clouds
49,Bathsheba,BB,2022-07-29 03:22:44,13.2167,-59.5167,81.21,85,40,18.41,scattered clouds
50,Tasiilaq,GL,2022-07-29 03:22:44,65.6145,-37.6368,41.16,95,100,3.31,overcast clouds
51,Champerico,GT,2022-07-29 03:22:44,14.3,-91.9167,75.76,96,100,9.01,overcast clouds
52,Mayo,US,2022-07-29 03:22:45,38.8876,-76.5119,77.95,90,100,1.01,overcast clouds
53,Lujan,AR,2022-07-29 03:22:45,-34.5703,-59.105,47.91,78,0,1.99,clear sky
54,Constitucion,CL,2022-07-29 03:19:14,-35.3333,-72.4167,48.31,79,0,8.9,clear sky
55,Los Llanos De Aridane,ES,2022-07-29 03:22:45,28.6585,-17.9182,66.13,92,100,20.71,overcast clouds
56,Bethel,US,2022-07-29 03:22:46,41.3712,-73.414,79.16,92,0,0.0,clear sky
57,Matagami,CA,2022-07-29 03:22:46,49.7502,-77.6328,59.11,94,100,4.61,moderate rain
58,Atuona,PF,2022-07-29 03:22:46,-9.8,-139.0333,76.89,78,33,22.77,light rain
59,Port Elizabeth,ZA,2022-07-29 03:22:47,-33.918,25.5701,60.31,74,0,6.91,clear sky
60,Cabo San Lucas,MX,2022-07-29 03:19:59,22.8909,-109.9124,88.9,60,11,5.01,few clouds
61,Bilma,NE,2022-07-29 03:22:47,18.6853,12.9164,83.61,49,85,9.1,overcast clouds
62,Heihe,CN,2022-07-29 03:22:48,50.2441,127.4902,73.98,96,100,4.52,moderate rain
63,Srednekolymsk,RU,2022-07-29 03:22:48,67.45,153.6833,68.36,29,5,10.02,clear sky
64,Severo-Kurilsk,RU,2022-07-29 03:22:48,50.6789,156.125,55.42,89,100,9.86,overcast clouds
65,Albany,US,2022-07-29 03:22:49,42.6001,-73.9662,72.3,86,4,3.53,clear sky
66,Skibbereen,IE,2022-07-29 03:22:49,51.55,-9.2667,62.11,93,100,4.5,overcast clouds
67,New Norfolk,AU,2022-07-29 03:22:49,-42.7826,147.0587,49.5,70,71,3.0,broken clouds
68,Kungurtug,RU,2022-07-29 03:22:50,50.5994,97.5228,61.2,54,67,2.3,broken clouds
69,Shizukuishi,JP,2022-07-29 03:22:50,39.6833,140.9833,83.17,55,98,3.15,overcast clouds
70,Narsaq,GL,2022-07-29 03:22:50,60.9167,-46.05,46.62,67,69,1.48,broken clouds
71,Sosnovo-Ozerskoye,RU,2022-07-29 03:22:51,52.5249,111.5418,66.52,50,99,6.89,overcast clouds
72,Chokurdakh,RU,2022-07-29 03:22:51,70.6333,147.9167,62.69,29,98,15.1,overcast clouds
73,Okha,RU,2022-07-29 03:22:51,53.5739,142.9478,67.77,70,8,9.55,clear sky
74,Taltal,CL,2022-07-29 03:18:10,-25.4,-70.4833,57.65,79,87,1.68,overcast clouds
75,Vaini,TO,2022-07-29 03:22:52,-21.2,-175.2,80.76,83,20,11.5,few clouds
76,Praia Da Vitoria,PT,2022-07-29 03:22:52,38.7333,-27.0667,71.85,83,20,3.96,few clouds
77,Sao Gabriel Da Cachoeira,BR,2022-07-29 03:22:53,-0.1303,-67.0892,71.44,99,79,2.89,broken clouds
78,Mataura,NZ,2022-07-29 03:22:53,-46.1927,168.8643,47.48,77,94,5.01,overcast clouds
79,Acapulco,MX,2022-07-29 03:22:53,16.8634,-99.8901,82.22,74,20,0.0,few clouds
80,Kruisfontein,ZA,2022-07-29 03:22:54,-34.0033,24.7314,57.22,36,0,8.9,clear sky
81,Caravelas,BR,2022-07-29 03:22:54,-17.7125,-39.2481,68.11,84,34,6.29,scattered clouds
82,Belaya Gora,RU,2022-07-29 03:22:55,68.5333,146.4167,66.16,30,93,12.53,overcast clouds
83,Nikolskoye,RU,2022-07-29 03:22:55,59.7035,30.7861,57.79,95,20,3.47,few clouds
84,Collie,AU,2022-07-29 03:22:55,-33.3667,116.15,57.38,66,84,11.27,broken clouds
85,Ilulissat,GL,2022-07-29 03:22:56,69.2167,-51.1,50.02,46,95,16.11,overcast clouds
86,Bo Phloi,TH,2022-07-29 03:22:56,14.3236,99.5161,89.02,58,54,4.76,broken clouds
87,Jamestown,US,2022-07-29 03:20:52,42.097,-79.2353,72.99,64,0,8.99,clear sky
88,Vila Franca Do Campo,PT,2022-07-29 03:22:56,37.7167,-25.4333,72.01,91,15,4.65,few clouds
89,Souillac,MU,2022-07-29 03:22:57,-20.5167,57.5167,70.18,64,40,8.05,scattered clouds
90,Vyazma,RU,2022-07-29 03:22:57,55.2104,34.2951,51.85,88,0,5.48,clear sky
91,Waipawa,NZ,2022-07-29 03:22:57,-41.4122,175.5153,53.22,63,2,15.68,clear sky
92,Lacaron,PH,2022-07-29 03:23:58,6.4489,125.5792,85.33,69,100,2.98,overcast clouds
93,Wajid,SO,2022-07-29 03:23:58,3.8093,43.2471,68.41,78,10,13.47,clear sky
94,Port Alfred,ZA,2022-07-29 03:23:59,-33.5906,26.891,62.19,67,0,4.0,clear sky
95,Kashi,CN,2022-07-29 03:23:59,39.4547,75.9797,90.61,15,40,8.95,scattered clouds
96,Opole,PL,2022-07-29 03:23:59,50.5,18.0,63.39,65,29,3.22,scattered clouds
97,Khasan,RU,2022-07-29 03:23:59,42.4308,130.6434,74.55,88,100,10.45,overcast clouds
98,Tuktoyaktuk,CA,2022-07-29 03:24:00,69.4541,-133.0374,44.6,81,100,16.11,overcast clouds
99,Eyl,SO,2022-07-29 03:24:00,7.9803,49.8164,75.83,77,52,18.92,broken clouds
100,Rawson,AR,2022-07-29 03:24:01,-43.3002,-65.1023,47.77,54,1,18.86,clear sky
101,Upernavik,GL,2022-07-29 03:24:01,72.7868,-56.1549,41.61,73,93,6.64,overcast clouds
102,Dikson,RU,2022-07-29 03:24:01,73.5069,80.5464,42.78,99,100,17.54,overcast clouds
103,Namibe,AO,2022-07-29 03:24:02,-15.1961,12.1522,59.77,83,60,8.08,broken clouds
104,Hilo,US,2022-07-29 03:24:02,19.7297,-155.09,80.28,77,100,6.91,overcast clouds
105,Victoria,HK,2022-07-29 03:22:20,22.2855,114.1577,95.38,62,95,7.0,overcast clouds
106,Panalingaan,PH,2022-07-29 03:24:03,8.7842,117.4231,87.21,65,95,8.1,overcast clouds
107,Nakamura,JP,2022-07-29 03:24:03,32.9833,132.9333,81.7,90,90,8.41,overcast clouds
108,Geraldton,AU,2022-07-29 03:24:03,-28.7667,114.6,63.01,94,75,8.05,heavy intensity rain
109,Singkang,MY,2022-07-29 03:24:04,2.1006,102.7994,82.54,85,85,3.8,overcast clouds
110,Kadhan,PK,2022-07-29 03:24:04,24.481,68.9859,83.44,72,73,15.68,broken clouds
111,Richards Bay,ZA,2022-07-29 03:24:04,-28.783,32.0377,64.26,85,1,14.58,clear sky
112,Den Helder,NL,2022-07-29 03:24:05,52.9599,4.7593,60.98,77,100,16.11,overcast clouds
113,Shihezi,CN,2022-07-29 03:24:05,44.3,86.0333,86.47,32,100,12.68,overcast clouds
114,Jining,CN,2022-07-29 03:24:06,35.405,116.5814,85.37,65,14,2.66,few clouds
115,Tayga,RU,2022-07-29 03:24:06,56.06,85.6197,74.32,58,1,7.81,clear sky
116,Belle Glade,US,2022-07-29 03:24:06,26.6845,-80.6676,83.05,80,31,9.46,scattered clouds
117,Dukhovshchina,RU,2022-07-29 03:24:07,55.1919,32.4111,51.85,92,5,4.65,clear sky
118,Santa Cruz De Tenerife,ES,2022-07-29 03:24:07,28.4682,-16.2546,75.6,96,100,19.57,fog
119,Provideniya,RU,2022-07-29 03:24:07,64.3833,-173.3,48.36,100,75,8.99,fog
120,Ostrovnoy,RU,2022-07-29 03:24:08,68.0531,39.5131,50.38,85,100,13.98,overcast clouds
121,Washington,US,2022-07-29 03:20:56,47.5001,-120.5015,99.0,21,0,5.53,clear sky
122,Kapaa,US,2022-07-29 03:24:08,22.0752,-159.319,82.38,73,100,9.22,overcast clouds
123,Alugan,PH,2022-07-29 03:22:12,12.2188,125.4808,84.65,77,100,4.38,moderate rain
124,Kodinsk,RU,2022-07-29 03:24:09,58.6881,99.1844,61.18,99,100,6.11,light rain
125,Korce,AL,2022-07-29 03:24:09,40.6186,20.7808,61.68,71,0,1.74,clear sky
126,Mareeba,AU,2022-07-29 03:24:10,-17.0,145.4333,73.44,57,3,6.51,clear sky
127,San Quintin,MX,2022-07-29 03:23:40,30.4833,-115.95,68.02,83,14,7.87,few clouds
128,Cabedelo,BR,2022-07-29 03:19:19,-6.9811,-34.8339,72.27,83,19,8.48,few clouds
129,Lorengau,PG,2022-07-29 03:24:10,-2.0226,147.2712,84.7,71,30,15.14,scattered clouds
130,Karratha,AU,2022-07-29 03:24:11,-20.7377,116.8463,77.97,23,27,14.72,light rain
131,Ust-Nera,RU,2022-07-29 03:24:11,64.5667,143.2,72.01,34,100,5.23,overcast clouds
132,Catamarca,AR,2022-07-29 03:20:48,-28.4696,-65.7852,50.77,71,0,1.99,clear sky
133,Tuatapere,NZ,2022-07-29 03:24:12,-46.1333,167.6833,43.68,89,98,7.85,overcast clouds
134,Calbuco,CL,2022-07-29 03:19:14,-41.768,-73.1273,36.61,76,51,2.71,broken clouds
135,Ngunguru,NZ,2022-07-29 03:24:12,-35.6167,174.5,60.49,62,34,8.23,scattered clouds
136,Castro,BR,2022-07-29 03:24:13,-24.7911,-50.0119,59.36,68,68,5.32,broken clouds
137,Puerto Escondido,MX,2022-07-29 03:24:13,15.85,-97.0667,81.43,65,100,4.61,overcast clouds
138,Bella Union,UY,2022-07-29 03:25:13,-30.2752,-57.6007,47.84,78,0,7.74,clear sky
139,Rabak,SD,2022-07-29 03:25:14,13.1809,32.74,75.6,84,100,8.52,overcast clouds
140,Yumen,CN,2022-07-29 03:25:14,40.2833,97.2,87.28,8,42,5.23,scattered clouds
141,Sitka,US,2022-07-29 03:25:15,57.0531,-135.33,58.89,88,100,12.66,mist
142,Airai,TL,2022-07-29 03:25:15,-8.9266,125.4092,70.75,41,53,4.56,broken clouds
143,Ahipara,NZ,2022-07-29 03:25:15,-35.1667,173.1667,59.88,65,60,8.12,broken clouds
144,Barreirinha,BR,2022-07-29 03:25:16,-2.7933,-57.07,78.26,71,76,2.84,broken clouds
145,Bisignano,IT,2022-07-29 03:25:16,39.5059,16.2772,68.58,79,0,1.01,clear sky
146,Port Hedland,AU,2022-07-29 03:25:17,-20.3167,118.5667,80.65,14,0,16.11,clear sky
147,Clermont,FR,2022-07-29 03:25:17,49.5,2.4167,58.01,63,19,5.7,few clouds
148,Namatanai,PG,2022-07-29 03:23:13,-3.6667,152.4333,84.49,69,39,12.3,scattered clouds
149,Tairua,NZ,2022-07-29 03:25:17,-37.0167,175.85,58.35,69,5,12.68,clear sky
150,Kyabe,TD,2022-07-29 03:25:18,9.4515,18.9449,69.03,96,88,2.75,overcast clouds
151,Bardiyah,LY,2022-07-29 03:25:18,31.7561,25.0865,76.3,86,0,10.09,clear sky
152,Yelizovo,RU,2022-07-29 03:25:19,53.1873,158.3805,73.54,43,75,7.0,broken clouds
153,Kavieng,PG,2022-07-29 03:25:19,-2.5744,150.7967,84.58,70,62,15.97,broken clouds
154,Altay,CN,2022-07-29 03:25:19,47.8667,88.1167,79.99,28,25,5.77,scattered clouds
155,Groningen,NL,2022-07-29 03:24:11,53.25,6.75,59.16,79,100,8.05,overcast clouds
156,Ponta Do Sol,PT,2022-07-29 03:25:20,32.6667,-17.1,75.0,81,14,3.89,few clouds
157,Mahebourg,MU,2022-07-29 03:25:20,-20.4081,57.7,70.09,64,40,8.05,scattered clouds
158,Shinjo,JP,2022-07-29 03:25:21,38.7586,140.3008,89.65,49,65,5.86,broken clouds
159,Marijampole,LT,2022-07-29 03:25:21,54.5667,23.35,49.06,93,6,5.14,clear sky
160,San Patricio,US,2022-07-29 03:25:21,28.017,-97.5169,84.85,71,82,14.03,broken clouds
161,Borazjan,IR,2022-07-29 03:25:22,29.2666,51.2159,90.72,67,100,3.58,overcast clouds
162,Nanortalik,GL,2022-07-29 03:25:22,60.1432,-45.2371,43.74,87,86,2.24,overcast clouds
163,Kamen-Rybolov,RU,2022-07-29 03:25:23,44.7481,132.0403,76.3,81,100,15.41,overcast clouds
164,Brownsville,US,2022-07-29 03:20:27,25.9018,-97.4975,84.15,81,0,11.5,clear sky
165,Saldanha,ZA,2022-07-29 03:25:23,-33.0117,17.9442,55.45,81,57,18.79,broken clouds
166,Miri,MY,2022-07-29 03:25:23,4.4148,114.0089,87.94,74,40,5.75,scattered clouds
167,Hithadhoo,MV,2022-07-29 03:25:24,-0.6,73.0833,81.99,73,100,13.6,overcast clouds
168,Hobart,AU,2022-07-29 03:20:52,-42.8794,147.3294,49.86,66,40,10.36,scattered clouds
169,Pisco,PE,2022-07-29 03:25:24,-13.7,-76.2167,60.85,82,100,2.3,mist
170,Bambanglipuro,ID,2022-07-29 03:25:24,-7.95,110.2833,82.13,71,84,10.11,broken clouds
171,Hovd,MN,2022-07-29 03:25:25,48.0056,91.6419,70.7,31,35,4.97,scattered clouds
172,Sergeyevka,KZ,2022-07-29 03:25:25,53.88,67.4158,60.67,96,100,12.97,moderate rain
173,Verkhnevilyuysk,RU,2022-07-29 03:25:25,63.4453,120.3167,86.5,38,0,10.87,clear sky
174,Manuk Mangkaw,PH,2022-07-29 03:25:26,4.8,119.85,82.72,72,96,3.51,light rain
175,Grand-Santi,GF,2022-07-29 03:25:26,4.25,-54.3833,72.37,99,100,2.08,moderate rain
176,Thinadhoo,MV,2022-07-29 03:25:26,0.5333,72.9333,82.06,74,88,10.94,overcast clouds
177,Khatanga,RU,2022-07-29 03:25:27,71.9667,102.5,70.83,48,82,5.79,broken clouds
178,Sistranda,NO,2022-07-29 03:25:27,63.7256,8.834,53.56,75,59,13.38,broken clouds
179,Lebu,CL,2022-07-29 03:25:27,-37.6167,-73.65,47.66,87,7,19.51,clear sky
180,Cheney,US,2022-07-29 03:22:12,47.4874,-117.5758,96.82,30,20,6.91,few clouds
181,Shumikha,RU,2022-07-29 03:25:28,55.2261,63.2961,59.43,85,89,13.65,overcast clouds
182,Zapolyarnyy,RU,2022-07-29 03:25:28,69.4154,30.8136,49.28,75,20,3.04,few clouds
183,Damghan,IR,2022-07-29 03:25:29,36.1683,54.348,81.46,49,100,4.94,overcast clouds
184,Chuy,UY,2022-07-29 03:25:29,-33.6971,-53.4616,49.5,79,100,15.46,overcast clouds
185,Saint-Philippe,RE,2022-07-29 03:25:29,-21.3585,55.7679,64.22,82,37,7.99,scattered clouds
186,Buraydah,SA,2022-07-29 03:25:30,26.326,43.975,88.25,17,89,6.15,overcast clouds
187,Dunedin,NZ,2022-07-29 03:21:03,-45.8742,170.5036,48.79,71,99,4.0,light rain
188,Ribeira Grande,PT,2022-07-29 03:26:30,38.5167,-28.7,72.84,79,13,3.51,few clouds
189,Iqaluit,CA,2022-07-29 03:26:30,63.7506,-68.5145,53.33,66,100,3.44,overcast clouds
190,Bereda,ES,2022-07-29 03:26:31,43.2686,-7.5406,59.14,100,43,1.12,scattered clouds
191,Torbay,CA,2022-07-29 03:26:31,47.6666,-52.7314,55.27,93,100,9.22,overcast clouds
192,Barrow,US,2022-07-29 03:26:31,71.2906,-156.7887,35.62,93,100,14.97,mist
193,East London,ZA,2022-07-29 03:26:32,-33.0153,27.9116,65.34,59,0,8.05,clear sky
194,Pevek,RU,2022-07-29 03:26:32,69.7008,170.3133,41.32,74,100,6.15,overcast clouds
195,Maba,CN,2022-07-29 03:26:32,24.6841,113.5984,96.57,47,65,1.01,broken clouds
196,Sao Luis De Montes Belos,BR,2022-07-29 03:26:33,-16.525,-50.3722,65.86,43,16,1.45,few clouds
197,Necochea,AR,2022-07-29 03:26:33,-38.5473,-58.7368,43.23,90,41,9.8,scattered clouds
198,Saint-Joseph,RE,2022-07-29 03:26:34,-21.3667,55.6167,63.21,78,17,9.24,few clouds
199,Hondo,JP,2022-07-29 03:26:34,32.45,130.2,86.31,68,29,10.36,scattered clouds
200,Bluff,NZ,2022-07-29 03:26:34,-46.6,168.3333,47.8,86,99,20.38,light rain
201,Takoradi,GH,2022-07-29 03:26:35,4.8845,-1.7554,74.39,79,91,9.6,overcast clouds
202,Ancud,CL,2022-07-29 03:26:35,-41.8697,-73.8203,45.23,78,100,4.41,overcast clouds
203,Mnogovershinnyy,RU,2022-07-29 03:26:35,53.9353,139.9242,76.77,41,100,2.66,overcast clouds
204,Cidreira,BR,2022-07-29 03:26:36,-30.1811,-50.2056,55.56,89,100,18.21,overcast clouds
205,Tongliao,CN,2022-07-29 03:26:36,43.6125,122.2653,73.65,82,100,3.78,light rain
206,Belaya Kholunitsa,RU,2022-07-29 03:26:36,58.84,50.8528,63.01,74,76,4.94,broken clouds
207,Garh Maharaja,PK,2022-07-29 03:26:37,30.8339,71.9053,88.36,67,92,5.99,overcast clouds
208,Plettenberg Bay,ZA,2022-07-29 03:22:02,-34.0527,23.3716,57.67,69,0,7.85,clear sky
209,Vao,NC,2022-07-29 03:26:37,-22.6667,167.4833,69.53,66,34,11.97,scattered clouds
210,Dalvik,IS,2022-07-29 03:26:37,65.9702,-18.5286,48.13,97,100,10.76,overcast clouds
211,Tulunan,PH,2022-07-29 03:26:38,6.8344,124.8769,85.14,73,100,1.86,overcast clouds
212,Mount Isa,AU,2022-07-29 03:26:38,-20.7333,139.5,73.17,18,2,11.5,clear sky
213,Tazmalt,DZ,2022-07-29 03:26:38,36.3868,4.3989,79.83,42,0,2.1,clear sky
214,Sterling,US,2022-07-29 03:24:54,39.0062,-77.4286,76.15,95,20,3.44,few clouds
215,Zhigansk,RU,2022-07-29 03:23:32,66.7697,123.3711,78.85,47,95,3.33,overcast clouds
216,Harrisonburg,US,2022-07-29 03:26:39,38.4496,-78.8689,74.03,91,0,0.0,clear sky
217,Killybegs,IE,2022-07-29 03:26:39,54.6333,-8.45,55.94,84,95,5.88,overcast clouds
218,Bandarbeyla,SO,2022-07-29 03:26:40,9.4942,50.8122,76.64,75,68,23.38,broken clouds
219,Salinas,US,2022-07-29 03:21:49,36.6777,-121.6555,70.0,80,100,13.8,overcast clouds
220,Araouane,ML,2022-07-29 03:26:40,18.9048,-3.5265,94.8,25,19,8.3,few clouds
221,Carutapera,BR,2022-07-29 03:26:40,-1.195,-46.02,76.03,90,7,6.22,clear sky
222,Calama,CL,2022-07-29 03:24:07,-22.4667,-68.9333,52.29,11,7,17.27,clear sky
223,Whitehorse,CA,2022-07-29 03:23:18,60.7161,-135.0538,63.37,59,75,3.44,shower rain
224,Aojiang,CN,2022-07-29 03:26:41,22.9421,116.0359,91.89,59,14,5.82,few clouds
225,Talnakh,RU,2022-07-29 03:26:41,69.4865,88.3972,63.21,47,0,9.82,clear sky
226,Gerash,IR,2022-07-29 03:26:42,27.6652,54.1371,75.34,70,100,5.7,overcast clouds
227,Floro,NO,2022-07-29 03:26:42,61.5996,5.0328,51.76,87,100,4.61,overcast clouds
228,Mangai,CD,2022-07-29 03:22:39,-4.05,19.5333,74.26,54,97,2.28,overcast clouds
229,Honningsvag,NO,2022-07-29 03:26:42,70.9821,25.9704,49.75,81,100,5.75,overcast clouds
230,Half Moon Bay,US,2022-07-29 03:26:43,37.4636,-122.4286,67.8,85,100,13.8,mist
231,San Jose,US,2022-07-29 03:22:38,37.3394,-121.895,71.53,73,40,12.66,scattered clouds
232,Dauriya,RU,2022-07-29 03:26:43,49.9333,116.8667,75.83,44,40,7.38,scattered clouds
233,La Ronge,CA,2022-07-29 03:26:44,55.1001,-105.2842,73.62,53,75,4.61,broken clouds
234,Axim,GH,2022-07-29 03:27:44,4.8699,-2.2405,75.49,73,97,11.07,overcast clouds
235,Mangan,IN,2022-07-29 03:27:44,27.5167,88.5333,82.0,78,80,3.53,broken clouds
236,Tual,ID,2022-07-29 03:27:45,-5.6667,132.75,78.31,87,80,22.59,broken clouds
237,Alofi,NU,2022-07-29 03:27:45,-19.0595,-169.9187,78.69,78,75,16.11,broken clouds
238,Meadow Lake,US,2022-07-29 03:27:45,34.8014,-106.5436,72.39,52,79,4.68,broken clouds
239,Codrington,AU,2022-07-29 03:27:46,-38.2667,141.9667,53.46,56,28,3.42,scattered clouds
240,Yatou,CN,2022-07-29 03:27:46,37.15,122.3833,83.39,75,85,12.39,overcast clouds
241,Fort Nelson,CA,2022-07-29 03:23:20,58.8053,-122.7002,63.99,88,100,5.75,light rain
242,Isangel,VU,2022-07-29 03:22:47,-19.55,169.2667,80.71,78,75,4.61,broken clouds
243,Fukue,JP,2022-07-29 03:27:47,32.6881,128.8419,88.16,62,20,11.5,few clouds
244,Asau,RO,2022-07-29 03:27:47,46.4333,26.4,63.52,88,83,2.13,broken clouds
245,Puerto Ayora,EC,2022-07-29 03:27:47,-0.7393,-90.3518,69.55,95,56,5.01,broken clouds
246,Ndungu,TZ,2022-07-29 03:27:48,-4.3667,38.05,65.53,92,67,2.86,broken clouds
247,Norman Wells,CA,2022-07-29 03:27:48,65.282,-126.8329,68.04,42,40,0.0,scattered clouds
248,Mpongwe,ZM,2022-07-29 03:27:48,-13.5091,28.155,52.16,70,29,5.64,scattered clouds
249,Moussoro,TD,2022-07-29 03:27:49,13.6408,16.4901,81.75,62,58,7.25,broken clouds
250,Port Hardy,CA,2022-07-29 03:27:49,50.6996,-127.4199,71.78,64,0,5.75,clear sky
251,Anadyr,RU,2022-07-29 03:27:49,64.75,177.4833,54.1,66,20,15.66,few clouds
252,Honiara,SB,2022-07-29 03:27:50,-9.4333,159.95,85.75,65,87,5.37,overcast clouds
253,Klaeng,TH,2022-07-29 03:27:50,12.7797,101.6483,90.34,68,89,6.08,overcast clouds
254,Saint-Pierre,RE,2022-07-29 03:27:50,-21.3393,55.4781,64.9,72,0,5.75,clear sky
255,Saint-Augustin,CA,2022-07-29 03:27:51,51.226,-58.6502,51.26,82,61,12.84,broken clouds
256,Correntina,BR,2022-07-29 03:27:51,-13.3433,-44.6367,63.45,54,3,0.98,clear sky
257,Larsnes,NO,2022-07-29 03:27:51,62.2028,5.5773,54.45,92,100,3.47,overcast clouds
258,Tambun,ID,2022-07-29 03:27:52,-6.2641,107.0712,91.04,59,62,6.62,broken clouds
259,Varberg,SE,2022-07-29 03:27:52,57.1056,12.2508,54.93,92,0,3.13,clear sky
260,Viedma,AR,2022-07-29 03:27:53,-40.8135,-62.9967,46.49,56,0,9.28,clear sky
261,Praia,CV,2022-07-29 03:23:30,14.9215,-23.5087,81.14,47,20,12.66,few clouds
262,Murud,IN,2022-07-29 03:27:53,18.3258,72.965,81.37,84,100,7.31,overcast clouds
263,Arraial Do Cabo,BR,2022-07-29 03:27:54,-22.9661,-42.0278,70.61,88,15,23.11,few clouds
264,Kahului,US,2022-07-29 03:27:54,20.8947,-156.47,84.22,64,40,17.27,scattered clouds
265,Manono,CD,2022-07-29 03:27:55,-7.3,27.4167,71.28,43,63,2.98,broken clouds
266,Kosh-Agach,RU,2022-07-29 03:27:55,50.0,88.6667,65.14,37,58,1.25,broken clouds
267,Ormara,PK,2022-07-29 03:27:55,25.2088,64.6357,81.84,79,100,10.04,overcast clouds
268,Stephenville,US,2022-07-29 03:24:39,32.2207,-98.2023,92.8,34,40,5.75,scattered clouds
269,Areosa,PT,2022-07-29 03:27:56,41.7178,-8.8571,62.46,89,0,9.46,clear sky
270,Port Augusta,AU,2022-07-29 03:27:56,-32.5,137.7667,64.09,31,100,7.2,overcast clouds
271,Nalut,LY,2022-07-29 03:27:57,30.3333,10.85,83.07,23,13,10.2,few clouds
272,Woodward,US,2022-07-29 03:27:57,36.4337,-99.3904,83.43,56,0,14.97,clear sky
273,Klaksvik,FO,2022-07-29 03:27:58,62.2266,-6.589,52.72,88,100,16.33,overcast clouds
274,Grindavik,IS,2022-07-29 03:28:58,63.8424,-22.4338,48.15,87,75,12.66,broken clouds
275,Nicoya,CR,2022-07-29 03:28:58,10.1483,-85.452,75.27,90,96,2.26,overcast clouds
276,Mindelo,CV,2022-07-29 03:28:59,16.8901,-24.9804,78.35,73,20,5.75,few clouds
277,Lazaro Cardenas,MX,2022-07-29 03:26:17,17.9583,-102.2,79.68,78,49,1.39,scattered clouds
278,Sioux Lookout,CA,2022-07-29 03:28:59,50.1001,-91.917,57.27,82,40,8.05,scattered clouds
279,Nantucket,US,2022-07-29 03:24:07,41.2835,-70.0995,78.91,97,100,8.05,fog
280,Tomatlan,MX,2022-07-29 03:28:59,19.9333,-105.25,75.47,90,100,2.51,overcast clouds
281,Salalah,OM,2022-07-29 03:29:00,17.0151,54.0924,77.09,88,100,6.91,overcast clouds
282,Komsomolskiy,UZ,2022-07-29 03:29:00,40.4272,71.7189,90.32,14,84,23.02,broken clouds
283,Sur,OM,2022-07-29 03:29:00,22.5667,59.5289,81.43,73,87,12.39,overcast clouds
284,Kokopo,PG,2022-07-29 03:29:01,-4.352,152.2633,86.49,59,45,7.65,light rain
285,Cayenne,GF,2022-07-29 03:29:01,4.9333,-52.3333,77.09,1,100,1.14,light rain
286,Westport,US,2022-07-29 03:29:02,41.1415,-73.3579,81.28,90,0,5.75,clear sky
287,Lompoc,US,2022-07-29 03:29:02,34.6391,-120.4579,64.54,86,100,8.05,mist
288,Aklavik,CA,2022-07-29 03:29:02,68.2191,-135.0107,51.66,66,100,6.35,overcast clouds
289,Tefe,BR,2022-07-29 03:29:03,-3.3542,-64.7114,75.83,66,80,0.72,broken clouds
290,Vilhena,BR,2022-07-29 03:29:03,-12.7406,-60.1458,67.17,46,70,2.82,broken clouds
291,Ybycui,PY,2022-07-29 03:29:03,-26.0167,-57.05,56.44,95,100,12.64,light rain
292,Ornskoldsvik,SE,2022-07-29 03:29:04,63.2909,18.7153,52.75,76,100,9.22,overcast clouds
293,Tarakan,ID,2022-07-29 03:27:07,3.3,117.6333,87.3,74,40,3.44,scattered clouds
294,Xuddur,SO,2022-07-29 03:29:04,4.1213,43.8894,66.99,80,48,13.44,scattered clouds
295,Villiers,ZA,2022-07-29 03:29:04,-27.0303,28.6006,46.44,75,1,4.29,clear sky
296,Hasaki,JP,2022-07-29 03:29:05,35.7333,140.8333,95.29,75,4,15.93,clear sky
297,Chilca,PE,2022-07-29 03:29:06,-12.5211,-76.7372,60.55,82,85,3.76,overcast clouds
298,College,US,2022-07-29 03:29:06,64.8569,-147.8028,66.99,51,75,9.22,broken clouds
299,Olavarria,AR,2022-07-29 03:29:06,-36.8927,-60.3225,41.02,77,13,7.23,few clouds
300,Manali,IN,2022-07-29 03:29:07,13.1667,80.2667,86.09,87,97,4.0,overcast clouds
301,Porto Novo,BJ,2022-07-29 03:29:07,6.4965,2.6036,76.82,79,99,8.05,overcast clouds
302,Paamiut,GL,2022-07-29 03:29:07,61.994,-49.6678,42.03,89,100,7.65,overcast clouds
303,Dicabisagan,PH,2022-07-29 03:29:08,17.0818,122.4157,88.81,63,98,2.73,overcast clouds
304,Hambantota,LK,2022-07-29 03:29:08,6.1241,81.1185,80.94,94,75,2.3,broken clouds
305,Protvino,RU,2022-07-29 03:29:08,54.8664,37.2178,55.62,94,6,4.99,clear sky
306,Xuanzhou,CN,2022-07-29 03:29:09,30.9525,118.7553,87.35,67,100,5.21,overcast clouds
307,Pochutla,MX,2022-07-29 03:29:09,15.7432,-96.4661,79.83,90,71,2.93,broken clouds
308,Vestmannaeyjar,IS,2022-07-29 03:29:10,63.4427,-20.2734,50.18,80,100,3.69,overcast clouds
309,Ambon,ID,2022-07-29 03:29:10,-3.6954,128.1814,78.94,89,40,4.61,scattered clouds
310,Vardo,NO,2022-07-29 03:29:10,70.3705,31.1107,48.18,93,100,9.22,overcast clouds
311,Afrikanda,RU,2022-07-29 03:29:11,67.4429,32.7828,46.89,80,100,13.27,overcast clouds
312,Japura,ID,2022-07-29 03:29:11,-0.3167,102.35,82.33,73,100,3.49,overcast clouds
313,Tokur,RU,2022-07-29 03:29:11,53.1333,132.9,71.83,71,100,4.0,overcast clouds
314,Yar-Sale,RU,2022-07-29 03:29:12,66.8333,70.8333,69.98,54,77,9.75,broken clouds
315,Joliette,CA,2022-07-29 03:29:12,46.0168,-73.4492,71.01,96,7,5.12,clear sky
316,Alwar,IN,2022-07-29 03:29:12,27.5667,76.6,85.35,66,78,5.5,broken clouds
317,Gold Coast,AU,2022-07-29 03:26:46,-28.0,153.4333,72.16,45,0,9.22,clear sky
318,Beloha,MG,2022-07-29 03:29:13,-25.1667,45.05,62.94,82,0,11.9,clear sky
319,Lagoa,PT,2022-07-29 03:29:13,39.05,-27.9833,71.38,79,0,1.81,clear sky
320,Berlevag,NO,2022-07-29 03:29:14,70.8578,29.0864,50.0,76,100,9.22,overcast clouds
321,Havelock,US,2022-07-29 03:29:14,34.8791,-76.9013,82.94,89,0,11.5,clear sky
322,Aljezur,PT,2022-07-29 03:30:15,37.3191,-8.8033,62.2,89,0,11.16,clear sky
323,Kigoma,TZ,2022-07-29 03:30:15,-4.8769,29.6267,74.35,67,84,2.48,broken clouds
324,Puerto Varas,CL,2022-07-29 03:30:15,-41.3195,-72.9854,35.82,100,75,3.44,fog
325,Jian,CN,2022-07-29 03:30:16,27.1172,114.9793,96.51,49,75,5.06,broken clouds
326,Shizuishan,CN,2022-07-29 03:30:16,39.2333,106.7694,92.01,20,13,13.91,few clouds
327,Kamsack,CA,2022-07-29 03:30:16,51.5667,-101.9009,57.92,73,62,5.19,broken clouds
328,Kieta,PG,2022-07-29 03:30:17,-6.2167,155.6333,82.98,73,92,4.61,light rain
329,Mastic Beach,US,2022-07-29 03:30:17,40.7668,-72.8521,79.77,89,75,8.01,broken clouds
330,Buala,SB,2022-07-29 03:30:18,-8.145,159.5921,84.97,68,82,9.82,broken clouds
331,Charlottesville,US,2022-07-29 03:29:17,38.0293,-78.4767,78.82,94,17,3.13,few clouds
332,Zagan,PL,2022-07-29 03:30:18,51.6176,15.3149,61.0,66,72,6.38,broken clouds
333,Anchorage,US,2022-07-29 03:25:55,61.2181,-149.9003,74.41,45,0,8.05,clear sky
334,Seoul,KR,2022-07-29 03:29:00,37.5683,126.9778,92.77,55,40,5.75,scattered clouds
335,Adrar,MR,2022-07-29 03:30:19,20.5022,-10.0711,88.9,37,64,22.39,broken clouds
336,Luwuk,ID,2022-07-29 03:30:19,-0.9516,122.7875,75.52,97,100,4.03,overcast clouds
337,Burnie,AU,2022-07-29 03:30:20,-41.0667,145.9167,52.95,51,81,9.1,broken clouds
338,Flin Flon,CA,2022-07-29 03:30:20,54.7682,-101.865,61.99,54,52,6.6,broken clouds
339,Torbat-E Jam,IR,2022-07-29 03:30:21,35.244,60.6225,85.53,19,5,14.12,clear sky
340,Vestmanna,FO,2022-07-29 03:30:21,62.1564,-7.1664,50.92,93,40,17.27,scattered clouds
341,Mitsamiouli,KM,2022-07-29 03:30:21,-11.3847,43.2844,75.49,78,75,2.3,broken clouds
342,Garchitorena,PH,2022-07-29 03:30:22,13.8804,123.6946,85.15,73,100,5.79,heavy intensity rain
343,Gazojak,TM,2022-07-29 03:30:22,41.1875,61.4036,86.43,29,32,13.96,scattered clouds
344,Vila Velha,BR,2022-07-29 03:28:27,-20.3297,-40.2925,71.55,86,20,6.91,few clouds
345,Fez,MA,2022-07-29 03:30:23,34.0372,-4.9998,71.85,56,0,5.75,clear sky
346,Clyde River,CA,2022-07-29 03:30:23,70.4692,-68.5914,35.83,100,100,12.66,light rain
347,Tessalit,ML,2022-07-29 03:30:23,20.1986,1.0114,83.95,47,99,17.72,overcast clouds
348,Pangkalanbuun,ID,2022-07-29 03:30:24,-2.6833,111.6167,83.71,78,70,4.41,broken clouds
349,Miramar,US,2022-07-29 03:28:55,25.9873,-80.2323,85.01,78,0,9.22,clear sky
350,Henties Bay,NA,2022-07-29 03:30:24,-22.116,14.2845,52.43,90,3,7.54,clear sky
351,Jardim,BR,2022-07-29 03:28:48,-21.4803,-56.1381,70.36,39,48,4.52,scattered clouds
352,Kartaly,RU,2022-07-29 03:30:25,53.0522,60.6467,56.23,94,100,13.11,light rain
353,Maldonado,UY,2022-07-29 03:30:25,-34.6667,-54.9167,50.23,93,100,21.56,moderate rain
354,Zarubino,RU,2022-07-29 03:30:26,42.63,131.0922,72.86,90,100,8.97,overcast clouds
355,Harwich,GB,2022-07-29 03:30:26,51.9419,1.2844,60.22,85,69,1.99,broken clouds
356,High Level,CA,2022-07-29 03:30:06,58.5169,-117.136,66.31,72,75,16.11,broken clouds
357,Skovorodino,RU,2022-07-29 03:30:26,53.9833,123.9167,79.41,38,9,8.48,clear sky
358,Ucluelet,CA,2022-07-29 03:30:27,48.9329,-125.5528,60.1,89,27,8.81,scattered clouds
359,Tibiri,NE,2022-07-29 03:30:27,13.5627,7.0485,75.87,73,98,9.17,overcast clouds
360,Roma,US,2022-07-29 03:30:27,43.2128,-75.4557,71.96,88,100,1.01,overcast clouds
361,Mount Gambier,AU,2022-07-29 03:30:28,-37.8333,140.7667,54.23,52,50,2.62,scattered clouds
362,Svetlogorsk,BY,2022-07-29 03:30:28,52.6333,29.7333,56.97,82,11,4.27,few clouds
363,Alihe,CN,2022-07-29 03:30:29,50.5667,123.7167,81.09,54,100,3.09,overcast clouds
364,Baker City,US,2022-07-29 03:30:29,44.7749,-117.8344,88.2,30,0,9.22,clear sky
365,Tiarei,PF,2022-07-29 03:30:29,-17.5333,-149.3333,82.42,78,4,23.26,light rain
366,Sao Felix Do Xingu,BR,2022-07-29 03:30:30,-6.6447,-51.995,70.45,52,3,0.56,clear sky
367,Riberalta,BO,2022-07-29 03:30:30,-10.9833,-66.1,73.02,47,3,2.73,clear sky
368,Okhotsk,RU,2022-07-29 03:30:30,59.3833,143.3,67.48,73,32,3.67,scattered clouds
369,Itacarambi,BR,2022-07-29 03:31:31,-15.1022,-44.0919,64.9,49,0,1.28,clear sky
370,Yerofey Pavlovich,RU,2022-07-29 03:31:31,53.9667,121.9667,75.49,42,0,7.52,clear sky
371,Katsuura,JP,2022-07-29 03:31:32,35.1333,140.3,84.74,77,18,13.09,few clouds
372,Usinsk,RU,2022-07-29 03:31:32,65.9939,57.5281,70.92,54,80,14.79,broken clouds
373,Lasa,IT,2022-07-29 03:31:32,46.6166,10.7002,58.08,89,87,1.25,overcast clouds
374,Aksay,RU,2022-07-29 03:31:33,47.26,39.87,70.02,47,20,5.32,few clouds
375,Puerto Rico,AR,2022-07-29 03:31:33,-26.796,-55.024,56.93,96,100,7.81,light rain
376,Lebanon,US,2022-07-29 03:27:10,36.2081,-86.2911,77.13,90,0,0.0,clear sky
377,Leona Vicario,MX,2022-07-29 03:31:34,20.9667,-87.1917,84.07,95,41,3.06,scattered clouds
378,Ismailia,EG,2022-07-29 03:31:34,30.6043,32.2723,75.61,72,5,1.25,clear sky
379,Dosso,NE,2022-07-29 03:31:34,13.049,3.1937,78.06,79,100,8.59,light rain
380,Kincardine,GB,2022-07-29 03:31:35,56.0667,-3.7167,58.91,96,98,0.63,overcast clouds
381,Goure,NE,2022-07-29 03:31:35,13.9835,10.2704,77.02,66,100,8.21,overcast clouds
382,Mingshui,CN,2022-07-29 03:31:36,36.7167,117.5,84.06,69,65,4.65,broken clouds
383,Kuala Lipis,MY,2022-07-29 03:31:36,4.1842,102.0468,85.35,74,48,2.15,scattered clouds
384,Englewood,US,2022-07-29 03:31:36,39.6478,-104.9878,70.65,67,75,9.22,broken clouds
385,Quatre Cocos,MU,2022-07-29 03:31:37,-20.2078,57.7625,69.91,70,7,14.58,clear sky
386,Cherkasskoye,RU,2022-07-29 03:31:37,52.4333,47.2167,72.21,72,1,2.77,clear sky
387,Rawlins,US,2022-07-29 03:31:37,41.7911,-107.2387,64.35,52,75,19.57,broken clouds
388,Tura,IN,2022-07-29 03:31:38,25.5198,90.2201,81.23,87,63,3.44,broken clouds
389,Fallon,US,2022-07-29 03:29:47,39.4735,-118.7774,94.44,10,20,5.75,few clouds
390,Mackay,AU,2022-07-29 03:30:57,-21.15,149.2,66.02,65,91,12.03,overcast clouds
391,Mae Sai,TH,2022-07-29 03:31:38,20.4335,99.8762,89.17,58,100,2.75,overcast clouds
392,Jeremie,HT,2022-07-29 03:31:39,18.65,-74.1167,78.87,78,17,3.4,few clouds
393,Russkiy Kameshkir,RU,2022-07-29 03:31:39,52.8589,46.0892,69.91,76,6,5.53,clear sky
394,Meulaboh,ID,2022-07-29 03:31:39,4.1363,96.1285,74.88,95,100,3.06,light rain
395,General Pico,AR,2022-07-29 03:31:10,-35.6566,-63.7568,45.14,49,0,5.79,clear sky
396,Novouzensk,RU,2022-07-29 03:31:40,50.4592,48.1431,77.74,57,0,8.52,clear sky
397,Cananea,MX,2022-07-29 03:31:40,30.95,-110.3,66.29,82,87,3.98,overcast clouds
398,Vanino,RU,2022-07-29 03:31:41,49.0869,140.2543,76.24,68,99,6.46,overcast clouds
399,Dingle,PH,2022-07-29 03:31:41,10.9995,122.6711,82.89,81,100,10.85,overcast clouds
400,Saint Anthony,US,2022-07-29 03:30:56,45.0205,-93.218,68.95,66,0,6.91,clear sky
401,Luanda,AO,2022-07-29 03:31:42,-8.8368,13.2343,66.96,92,63,4.88,broken clouds
402,Emba,KZ,2022-07-29 03:31:42,48.8264,58.1442,74.43,44,49,5.77,scattered clouds
403,Sun City West,US,2022-07-29 03:31:40,33.662,-112.3413,86.99,62,100,8.05,overcast clouds
404,Altona,DE,2022-07-29 03:31:42,53.55,9.9333,55.08,84,0,6.91,clear sky
405,Beira,MZ,2022-07-29 03:31:43,-19.8436,34.8389,66.29,77,20,4.61,few clouds
406,Mukhen,RU,2022-07-29 03:31:43,48.1,136.1,89.65,50,99,5.39,overcast clouds
407,Lodeynoye Pole,RU,2022-07-29 03:31:44,60.726,33.5531,59.2,90,61,4.54,broken clouds
408,Comodoro Rivadavia,AR,2022-07-29 03:30:01,-45.8667,-67.5,51.66,46,100,40.29,overcast clouds
409,Rybnaya Sloboda,RU,2022-07-29 03:31:44,55.4613,50.1409,65.46,71,14,8.55,few clouds
410,Aquiraz,BR,2022-07-29 03:32:44,-3.9014,-38.3911,79.18,87,51,11.18,broken clouds
411,Ape,LV,2022-07-29 03:32:45,57.5393,26.6929,51.71,96,34,5.5,scattered clouds
412,Sibiti,CG,2022-07-29 03:32:45,-3.6819,13.3499,61.27,98,97,2.24,overcast clouds
413,Dalen,NL,2022-07-29 03:32:45,52.6992,6.7556,59.05,80,100,8.99,overcast clouds
414,Fortuna,US,2022-07-29 03:29:34,40.5982,-124.1573,58.66,91,100,8.05,overcast clouds
415,Siderno,IT,2022-07-29 03:32:46,38.2779,16.302,76.33,65,0,7.47,clear sky
416,Ridgecrest,US,2022-07-29 03:32:46,35.6225,-117.6709,100.26,17,20,13.8,few clouds
417,Alto Araguaia,BR,2022-07-29 03:32:46,-17.3147,-53.2153,62.24,41,46,2.64,scattered clouds
418,Mehriz,IR,2022-07-29 03:32:47,31.5917,54.4318,68.5,53,83,3.94,light rain
419,Sarlat-La-Caneda,FR,2022-07-29 03:32:47,44.889,1.2166,60.03,90,100,2.75,overcast clouds
420,Katherine,AU,2022-07-29 03:32:47,-14.4667,132.2667,84.52,28,27,12.66,scattered clouds
421,Yeppoon,AU,2022-07-29 03:32:48,-23.1333,150.7333,71.38,56,49,5.5,scattered clouds
422,Novyy Urengoy,RU,2022-07-29 03:32:48,66.0833,76.6333,70.79,55,69,8.81,broken clouds
423,Kavaratti,IN,2022-07-29 03:32:48,10.5669,72.642,81.43,80,95,12.75,overcast clouds
424,East Stroudsburg,US,2022-07-29 03:32:49,40.9995,-75.1813,75.22,87,68,3.27,broken clouds
425,Palmer,US,2022-07-29 03:32:49,42.1584,-72.3287,74.82,86,100,3.44,overcast clouds
426,Kidal,ML,2022-07-29 03:32:50,18.4411,1.4078,77.41,64,100,15.93,overcast clouds
427,Great Falls,US,2022-07-29 03:28:23,47.5002,-111.3008,80.69,33,0,6.91,clear sky
428,Sao Domingos,BR,2022-07-29 03:32:50,-13.3983,-46.3183,61.61,55,1,6.73,clear sky
429,Seminole,US,2022-07-29 03:32:51,28.7086,-81.2081,84.56,83,0,8.05,clear sky
430,Wad Madani,SD,2022-07-29 03:32:51,14.4012,33.5199,77.68,75,100,10.76,overcast clouds
431,Tilichiki,RU,2022-07-29 03:32:51,60.4667,166.1,55.26,60,93,6.22,overcast clouds
432,Andenes,NO,2022-07-29 03:32:51,69.3143,16.1194,49.98,81,75,11.5,broken clouds
433,Marquette,US,2022-07-29 03:32:52,46.5333,-87.6335,58.44,85,22,6.42,few clouds
434,Tabuk,PH,2022-07-29 03:32:52,17.4189,121.4443,87.15,67,100,2.51,overcast clouds
435,Cockburn Town,TC,2022-07-29 03:28:22,21.4612,-71.1419,81.64,75,76,21.3,broken clouds
436,Broome,US,2022-07-29 03:32:53,42.2506,-75.833,70.0,96,0,4.61,clear sky
437,Haines Junction,CA,2022-07-29 03:32:53,60.7522,-137.5108,66.15,48,98,3.44,overcast clouds
438,Padang,ID,2022-07-29 03:31:25,-0.9492,100.3543,71.65,81,93,9.62,overcast clouds
439,Kuala Terengganu,MY,2022-07-29 03:32:54,5.3302,103.1408,85.95,74,20,5.01,few clouds
440,Bosaso,SO,2022-07-29 03:32:54,11.2842,49.1816,90.63,37,2,17.54,clear sky
441,Touros,BR,2022-07-29 03:28:52,-5.1989,-35.4608,75.09,85,78,10.98,broken clouds
442,Phan Thiet,VN,2022-07-29 03:32:54,10.9333,108.1,92.03,54,67,9.78,broken clouds
443,Portland,US,2022-07-29 03:30:22,45.5234,-122.6762,93.78,55,0,8.05,clear sky
444,Malanje,AO,2022-07-29 03:32:55,-9.5402,16.341,56.46,92,82,4.09,broken clouds
445,Nuuk,GL,2022-07-29 03:32:55,64.1835,-51.7216,41.88,93,100,10.36,light shower snow
446,Uyskoye,RU,2022-07-29 03:32:56,54.3775,60.0047,58.77,83,100,12.84,overcast clouds
447,Kolosovka,RU,2022-07-29 03:32:56,56.4678,73.611,66.65,73,55,15.32,broken clouds
448,Campbell River,CA,2022-07-29 03:32:56,50.0163,-125.2446,81.93,69,0,0.0,clear sky
449,Beringovskiy,RU,2022-07-29 03:32:57,63.05,179.3167,48.76,79,100,11.18,overcast clouds
450,Oranjemund,NA,2022-07-29 03:32:57,-28.55,16.4333,55.89,73,100,6.78,overcast clouds
451,Talavera De La Reina,ES,2022-07-29 03:32:57,39.9635,-4.8308,69.19,46,0,1.81,clear sky
452,Kinel,RU,2022-07-29 03:32:58,53.2333,50.65,65.44,62,41,8.93,scattered clouds
453,Christchurch,NZ,2022-07-29 03:29:04,-43.5333,172.6333,55.42,69,75,8.05,broken clouds
454,Ketchikan,US,2022-07-29 03:33:58,55.3422,-131.6461,70.27,73,0,10.36,clear sky
455,San Angelo,US,2022-07-29 03:33:59,31.4638,-100.437,93.42,34,0,13.8,clear sky
456,Vuktyl,RU,2022-07-29 03:33:59,63.8567,57.3094,69.35,51,54,5.93,broken clouds
457,Agadez,NE,2022-07-29 03:33:34,19.75,10.25,84.36,32,94,1.59,overcast clouds
458,Muriwai Beach,NZ,2022-07-29 03:34:01,-36.8167,174.45,60.96,64,29,11.32,scattered clouds
459,Coquimbo,CL,2022-07-29 03:33:12,-29.9533,-71.3436,51.53,100,0,4.61,clear sky
460,Eydhafushi,MV,2022-07-29 03:34:01,5.1033,73.0708,81.0,80,100,16.2,overcast clouds
461,Mbinga,TZ,2022-07-29 03:34:02,-10.9333,35.0167,51.75,87,74,1.66,broken clouds
462,Son Tay,VN,2022-07-29 03:34:02,21.1378,105.505,87.73,68,100,3.31,overcast clouds
463,Quelimane,MZ,2022-07-29 03:34:03,-17.8786,36.8883,60.75,94,20,4.61,few clouds
464,Coihaique,CL,2022-07-29 03:34:03,-45.5752,-72.0662,44.55,70,100,2.3,overcast clouds
465,Derzhavinsk,KZ,2022-07-29 03:34:03,51.1,66.3167,65.53,73,100,14.12,overcast clouds
466,Nioro,GM,2022-07-29 03:34:04,13.35,-15.75,77.99,87,98,9.55,light rain
467,Gravdal,NO,2022-07-29 03:34:04,68.1214,13.5031,53.35,88,100,15.77,overcast clouds
468,Udachnyy,RU,2022-07-29 03:34:05,66.4167,112.4,82.45,41,18,6.44,few clouds
469,Yaan,NG,2022-07-29 03:34:05,7.3833,8.5667,69.73,98,100,3.8,overcast clouds
470,Cheremukhovo,RU,2022-07-29 03:34:06,60.3484,59.9851,67.69,56,3,2.04,clear sky
471,Temir,KZ,2022-07-29 03:34:06,49.1414,57.13,74.28,48,56,7.65,broken clouds
472,Jiuquan,CN,2022-07-29 03:34:06,39.7432,98.5174,88.9,9,16,6.64,few clouds
473,Linxia,CN,2022-07-29 03:34:07,35.6003,103.2064,78.76,35,12,2.35,few clouds
474,Orlik,RU,2022-07-29 03:34:07,52.5178,99.825,59.85,62,95,1.43,overcast clouds
475,Pulsano,IT,2022-07-29 03:34:07,40.3821,17.3564,80.49,49,0,3.36,clear sky
476,Dubbo,AU,2022-07-29 03:32:40,-32.25,148.6167,59.13,41,26,9.22,scattered clouds
477,Jatiroto,ID,2022-07-29 03:34:08,-7.8833,111.1167,84.54,59,77,1.48,broken clouds
478,Santa Fe,AR,2022-07-29 03:34:08,-31.6333,-60.7,53.02,59,0,8.01,light rain
479,Barranca,PE,2022-07-29 03:33:40,-10.75,-77.7667,60.62,80,70,7.61,broken clouds
480,Ruidoso,US,2022-07-29 03:34:09,33.3317,-105.673,68.14,58,100,6.91,overcast clouds
481,Atasu,KZ,2022-07-29 03:34:09,48.6814,71.6433,74.59,50,76,9.82,broken clouds
482,Powell River,CA,2022-07-29 03:29:33,49.8496,-124.5361,86.02,72,9,1.63,clear sky
483,Kuching,MY,2022-07-29 03:34:10,1.55,110.3333,86.22,79,40,5.01,scattered clouds
484,Vanersborg,SE,2022-07-29 03:34:10,58.3807,12.3234,49.57,93,0,1.14,clear sky
485,Khandyga,RU,2022-07-29 03:34:10,62.6667,135.6,86.86,35,14,3.87,few clouds
486,Khorramshahr,IR,2022-07-29 03:34:11,30.4397,48.1664,91.36,79,40,6.91,scattered clouds
487,Farafangana,MG,2022-07-29 03:34:11,-22.8167,47.8333,67.57,88,86,4.85,light rain
488,Iwanai,JP,2022-07-29 03:34:11,42.9744,140.5089,79.81,68,82,5.44,broken clouds
489,Maiduguri,NG,2022-07-29 03:34:12,11.8464,13.1603,75.61,80,33,9.17,scattered clouds
490,Guerrero Negro,MX,2022-07-29 03:34:12,27.9769,-114.0611,68.72,84,17,12.86,few clouds
491,Northam,GB,2022-07-29 03:34:13,51.0333,-4.2167,55.62,94,38,4.85,scattered clouds
492,Santiago Del Estero,AR,2022-07-29 03:31:25,-27.7951,-64.2615,55.26,49,2,5.68,clear sky
493,Verkhnyaya Toyma,RU,2022-07-29 03:34:13,62.2349,44.9985,66.18,90,30,7.94,scattered clouds
494,Huai Thalaeng,TH,2022-07-29 03:34:13,14.997,102.6475,88.16,51,29,4.74,scattered clouds
495,Mandalgovi,MN,2022-07-29 03:34:14,45.7625,106.2708,75.58,30,22,9.4,few clouds
496,Rio Tuba,PH,2022-07-29 03:34:14,8.5061,117.4317,85.23,71,78,12.48,broken clouds
497,San Andres,CO,2022-07-29 03:34:15,12.5847,-81.7006,82.42,78,40,9.22,scattered clouds
498,Faya,SA,2022-07-29 03:34:15,18.3851,42.4509,66.31,51,30,3.06,scattered clouds
499,Ramanuj Ganj,IN,2022-07-29 03:34:15,23.8,83.7,87.91,57,96,3.71,light rain
500,Nome,US,2022-07-29 03:35:16,64.5011,-165.4064,60.17,76,20,8.05,few clouds
501,Itarema,BR,2022-07-29 03:35:16,-2.9248,-39.9167,76.69,88,99,11.32,overcast clouds
502,La Asuncion,VE,2022-07-29 03:35:17,11.0333,-63.8628,65.93,100,3,9.22,clear sky
503,Maarianhamina,AX,2022-07-29 03:35:17,60.0973,19.9348,46.26,93,0,2.3,clear sky
504,Micheweni,TZ,2022-07-29 03:35:18,-4.9667,39.8333,73.33,84,48,8.75,scattered clouds
505,Mbandaka,CD,2022-07-29 03:35:18,0.0487,18.2603,69.44,84,98,3.67,overcast clouds
506,Balykshi,KZ,2022-07-29 03:35:18,47.0667,51.8667,73.4,78,0,4.47,clear sky
507,Boke,GN,2022-07-29 03:35:19,10.9409,-14.2967,74.03,95,60,4.99,light rain
508,Goundi,TD,2022-07-29 03:35:19,9.3627,17.366,69.67,96,96,3.38,overcast clouds
509,Qaqortoq,GL,2022-07-29 03:35:20,60.7167,-46.0333,44.1,80,81,1.48,broken clouds
510,Aksu,CN,2022-07-29 03:35:20,41.1231,80.2644,89.08,25,100,4.23,overcast clouds
511,Garwa,IN,2022-07-29 03:35:21,24.1833,83.8167,90.1,56,67,4.61,broken clouds
512,Puerto Madero,MX,2022-07-29 03:35:21,14.7208,-92.4215,75.4,100,100,2.3,overcast clouds
513,Lakselv,NO,2022-07-29 03:35:22,70.0513,24.9718,51.62,71,100,3.44,overcast clouds
514,Shilka,RU,2022-07-29 03:35:22,51.85,116.0333,71.76,57,89,7.0,overcast clouds
515,Nouakchott,MR,2022-07-29 03:35:23,18.0858,-15.9785,76.95,84,82,18.77,broken clouds
516,Latung,PH,2022-07-29 03:35:23,5.5,120.8833,83.26,71,100,4.29,overcast clouds
517,Erenhot,CN,2022-07-29 03:35:24,43.6475,111.9767,90.84,17,99,16.69,overcast clouds
518,Kaposmero,HU,2022-07-29 03:35:24,46.3617,17.704,65.93,51,51,3.78,broken clouds
519,Yinchuan,CN,2022-07-29 03:31:01,38.4681,106.2731,91.09,22,0,7.56,clear sky
520,Goderich,CA,2022-07-29 03:32:27,43.7501,-81.7165,71.91,82,16,1.14,few clouds
521,Eirunepe,BR,2022-07-29 03:35:24,-6.6603,-69.8736,73.24,81,43,2.04,scattered clouds
522,Emerald,AU,2022-07-29 03:35:25,-23.5333,148.1667,67.33,45,1,6.64,clear sky
523,Robertsport,LR,2022-07-29 03:35:25,6.7533,-11.3686,75.87,73,36,10.63,scattered clouds
524,Rio Gallegos,AR,2022-07-29 03:35:26,-51.6226,-69.2181,39.25,93,0,25.32,clear sky
525,Husavik,IS,2022-07-29 03:35:26,66.0449,-17.3389,45.95,96,100,12.77,overcast clouds
526,Tigil,RU,2022-07-29 03:35:26,57.8,158.6667,61.57,46,44,14.63,scattered clouds
527,Saint-Leu,RE,2022-07-29 03:35:27,-21.15,55.2833,65.32,69,9,5.08,clear sky
528,Soverato,IT,2022-07-29 03:35:27,38.685,16.5499,77.16,71,0,7.25,clear sky
529,Padilla,CO,2022-07-29 03:35:27,3.2204,-76.3139,67.57,90,86,3.65,overcast clouds
530,Leshukonskoye,RU,2022-07-29 03:35:28,64.8989,45.7622,67.57,92,72,4.5,broken clouds
531,Kalabo,ZM,2022-07-29 03:35:28,-14.97,22.6814,50.2,56,46,5.14,scattered clouds
532,Akyab,MM,2022-07-29 03:35:28,20.15,92.9,86.29,71,41,4.16,scattered clouds
533,Hami,CN,2022-07-29 03:35:29,42.8,93.45,95.67,13,100,4.74,overcast clouds
534,Askino,RU,2022-07-29 03:35:29,56.0901,56.5783,64.45,66,100,8.7,overcast clouds
535,Nara,JP,2022-07-29 03:35:29,34.6851,135.8049,94.96,47,9,7.7,clear sky
536,Shingu,JP,2022-07-29 03:35:30,33.7333,135.9833,85.48,71,36,8.16,scattered clouds
537,Kargasok,RU,2022-07-29 03:35:30,59.0556,80.8572,65.46,64,78,11.99,broken clouds
538,Peniche,PT,2022-07-29 03:35:30,39.3558,-9.3811,67.28,88,1,16.89,clear sky
539,Dubrovnik,HR,2022-07-29 03:35:31,42.6481,18.0922,80.24,47,0,4.61,clear sky
540,Sopelana,ES,2022-07-29 03:35:31,43.3789,-2.9831,64.08,80,40,3.44,scattered clouds
541,Mozarlandia,BR,2022-07-29 03:35:31,-14.7447,-50.5706,70.11,37,7,3.15,clear sky
542,Taldan,RU,2022-07-29 03:35:32,53.6667,124.8,79.83,40,82,7.61,broken clouds
543,Viking,CA,2022-07-29 03:35:32,53.1001,-111.7684,73.53,73,0,6.98,clear sky
544,Kamenka,RU,2022-07-29 03:35:32,51.3223,42.7678,71.87,66,96,5.37,overcast clouds
545,Bontang,ID,2022-07-29 03:36:33,0.1333,117.5,82.63,77,65,2.44,broken clouds
546,Arsenyev,RU,2022-07-29 03:36:33,44.1631,133.2733,87.98,50,86,7.09,overcast clouds
547,Pimenta Bueno,BR,2022-07-29 03:35:00,-11.6725,-61.1936,70.93,48,41,2.01,scattered clouds
548,La Marque,US,2022-07-29 03:36:34,29.3686,-94.9713,86.05,81,2,1.99,clear sky
549,Freeport,US,2022-07-29 03:36:34,40.6576,-73.5832,83.97,70,75,14.97,broken clouds
550,Brae,GB,2022-07-29 03:36:34,60.3964,-1.353,53.33,86,91,10.2,overcast clouds
551,Bereznik,RU,2022-07-29 03:36:35,62.8551,42.7072,66.13,95,100,6.87,overcast clouds
552,Sungaipenuh,ID,2022-07-29 03:36:35,-2.0833,101.3833,74.48,77,71,2.04,broken clouds
553,Saurimo,AO,2022-07-29 03:36:35,-9.6608,20.3916,55.08,41,14,4.63,few clouds
554,Ispas,UA,2022-07-29 03:36:36,48.2973,25.2741,64.76,76,89,0.27,overcast clouds
555,Tsnori,GE,2022-07-29 03:36:36,41.6209,45.9694,78.98,55,73,4.43,broken clouds
556,Rocha,UY,2022-07-29 03:36:36,-34.4833,-54.3333,48.72,95,100,20.4,overcast clouds
557,Kenai,US,2022-07-29 03:36:37,60.5544,-151.2583,74.03,40,0,6.91,clear sky
558,Manta,EC,2022-07-29 03:36:37,-0.95,-80.7333,73.18,88,100,5.75,overcast clouds
559,Laguna,US,2022-07-29 03:36:37,38.421,-121.4238,86.02,50,0,11.5,clear sky
560,Matay,EG,2022-07-29 03:36:38,28.419,30.7792,78.71,42,36,9.33,scattered clouds
561,Evensk,RU,2022-07-29 03:36:06,61.95,159.2333,56.19,58,97,3.96,overcast clouds
562,Hamilton,US,2022-07-29 03:34:46,39.1834,-84.5333,79.57,77,100,9.22,overcast clouds
563,Gamba,GA,2022-07-29 03:36:38,-2.65,10.0,68.14,92,41,2.28,scattered clouds
564,Syracuse,IT,2022-07-29 03:36:39,37.0881,15.2792,76.59,68,0,4.65,clear sky
565,Leningradskiy,RU,2022-07-29 03:36:39,69.3833,178.4167,43.03,73,88,9.51,overcast clouds
566,Zlobin,HR,2022-07-29 03:36:39,45.2924,14.6541,64.58,78,0,2.3,clear sky
567,Bambous Virieux,MU,2022-07-29 03:36:40,-20.3428,57.7575,70.05,64,40,8.05,scattered clouds
568,Ligayan,PH,2022-07-29 03:34:53,4.6533,119.4706,83.34,70,94,3.67,moderate rain
569,Amaigbo,NG,2022-07-29 03:36:40,5.7892,7.8383,70.75,97,100,1.95,overcast clouds
570,Melbu,NO,2022-07-29 03:36:40,68.5044,14.8297,53.42,76,75,13.8,broken clouds
571,Puerto Madryn,AR,2022-07-29 03:36:41,-42.7692,-65.0385,48.4,52,0,19.1,clear sky
572,Escanaba,US,2022-07-29 03:33:35,45.7453,-87.0646,66.51,80,0,3.44,clear sky
573,Balabac,PH,2022-07-29 03:36:41,7.9868,117.0645,86.16,67,100,8.9,overcast clouds
574,Nichinan,JP,2022-07-29 03:36:42,31.6,131.3667,83.88,87,71,16.02,broken clouds
575,Brazzaville,CG,2022-07-29 03:36:42,-4.2658,15.2832,70.11,83,48,3.44,scattered clouds
576,Amahai,ID,2022-07-29 03:36:42,-3.3333,128.9167,79.18,87,82,10.78,broken clouds
577,Hobyo,SO,2022-07-29 03:36:43,5.3505,48.5268,76.41,82,88,20.71,overcast clouds
578,Luderitz,NA,2022-07-29 03:36:43,-26.6481,15.1594,52.56,85,83,5.46,broken clouds
579,Methoni,GR,2022-07-29 03:36:43,36.8197,21.7049,77.22,57,0,4.25,clear sky
580,Changping,CN,2022-07-29 03:36:44,40.2186,116.2197,83.84,47,0,6.2,clear sky
581,Marshfield,US,2022-07-29 03:36:44,44.6689,-90.1718,63.48,72,0,4.61,clear sky
582,Havoysund,NO,2022-07-29 03:36:44,70.9963,24.6622,50.23,79,98,11.01,overcast clouds
583,Ryotsu,JP,2022-07-29 03:36:45,38.0833,138.4333,82.71,73,16,6.04,few clouds
584,Filingue,NE,2022-07-29 03:36:45,14.3521,3.3168,75.87,75,100,11.92,light rain
585,Imbituba,BR,2022-07-29 03:36:45,-28.24,-48.6703,61.09,99,93,18.61,moderate rain
586,Carora,VE,2022-07-29 03:36:46,10.1755,-70.0827,75.27,82,88,2.59,overcast clouds
587,Sibu,MY,2022-07-29 03:36:46,2.3,111.8167,86.31,70,40,5.01,scattered clouds
588,Juneau,US,2022-07-29 03:33:01,58.3019,-134.4197,60.84,98,100,12.66,heavy intensity rain
589,Nadym,RU,2022-07-29 03:36:46,65.5333,72.5167,73.24,48,92,7.07,overcast clouds
590,Kassala,SD,2022-07-29 03:36:47,15.451,36.4,73.76,82,100,11.14,overcast clouds
591,Balsta,SE,2022-07-29 03:36:47,59.5671,17.5278,48.13,71,1,4.81,clear sky
592,Atar,MR,2022-07-29 03:36:47,20.5169,-13.0499,86.65,47,11,10.04,few clouds
593,Gizo,SB,2022-07-29 03:36:48,-8.103,156.8419,84.0,70,86,7.02,overcast clouds
594,Luchegorsk,RU,2022-07-29 03:36:48,46.4764,134.2569,83.62,72,100,8.88,overcast clouds
595,Noumea,NC,2022-07-29 03:37:48,-22.2763,166.4572,75.18,99,56,15.68,broken clouds
596,Avera,US,2022-07-29 03:37:49,33.194,-82.5271,80.11,63,100,8.88,overcast clouds
597,Yulara,AU,2022-07-29 03:37:49,-25.2406,130.9889,68.43,15,93,11.1,overcast clouds
598,Madingou,CG,2022-07-29 03:37:49,-4.1536,13.55,66.69,89,83,2.35,broken clouds
599,Sovetskiy,RU,2022-07-29 03:37:50,61.3614,63.5842,71.71,40,3,3.49,clear sky
600,Camacha,PT,2022-07-29 03:37:50,33.0833,-16.3333,67.42,83,40,14.97,scattered clouds
601,Makinsk,KZ,2022-07-29 03:37:50,52.6292,70.4169,61.66,93,100,8.39,light rain
602,Menongue,AO,2022-07-29 03:37:51,-14.6585,17.691,48.4,46,66,5.19,broken clouds
603,Monastyrshchina,RU,2022-07-29 03:37:51,54.3496,31.838,56.01,85,7,4.61,clear sky
604,Chifeng,CN,2022-07-29 03:37:51,42.2683,118.9636,77.4,62,100,6.29,overcast clouds
605,Pudozh,RU,2022-07-29 03:37:52,61.8099,36.5345,60.8,93,100,3.89,overcast clouds
606,Manadhoo,MV,2022-07-29 03:37:52,5.7667,73.3833,80.08,82,100,18.14,overcast clouds
607,Terrace,CA,2022-07-29 03:37:53,54.5163,-128.6035,87.71,30,20,6.91,few clouds
608,Godda,IN,2022-07-29 03:37:53,24.8333,87.2167,93.9,50,46,1.66,scattered clouds
609,Schramberg,DE,2022-07-29 03:37:53,48.224,8.3858,62.98,75,78,3.62,broken clouds
610,Jaroslaw,PL,2022-07-29 03:37:54,50.0162,22.6778,58.51,79,13,4.56,few clouds
611,Salaverry,PE,2022-07-29 03:37:54,-8.2333,-78.9667,59.38,88,15,7.05,few clouds
612,Srivardhan,IN,2022-07-29 03:37:54,18.0333,73.0167,82.45,82,100,8.48,overcast clouds
613,Santarem,BR,2022-07-29 03:37:55,-2.4431,-54.7083,75.33,100,0,2.3,clear sky
614,Buzmeyin,TM,2022-07-29 03:37:55,38.0507,58.2056,83.93,61,40,13.8,scattered clouds
615,Scottsboro,US,2022-07-29 03:37:55,34.6723,-86.0341,81.55,94,80,1.86,broken clouds
616,Kenora,CA,2022-07-29 03:37:56,49.8167,-94.4337,61.77,77,20,5.75,few clouds
617,Calamar,CO,2022-07-29 03:37:56,10.2511,-74.9146,73.81,95,96,3.44,overcast clouds
618,Tukrah,LY,2022-07-29 03:37:56,32.5341,20.5791,76.98,83,0,6.44,clear sky
619,Burgos,ES,2022-07-29 03:37:57,42.3394,-3.7079,57.61,67,0,8.05,clear sky
620,Saravan,AM,2022-07-29 03:37:57,39.7196,45.6483,69.1,58,1,4.38,clear sky
621,Mlalo,TZ,2022-07-29 03:37:57,-4.9333,38.9333,68.22,89,70,5.39,broken clouds
622,Kununurra,AU,2022-07-29 03:37:58,-15.7667,128.7333,84.18,18,3,11.5,clear sky
623,Isabela,PH,2022-07-29 03:37:58,6.7085,121.9711,87.85,71,100,0.49,overcast clouds
624,Russell,US,2022-07-29 03:37:58,32.3502,-85.1999,80.91,88,0,3.44,clear sky
625,Koster,ZA,2022-07-29 03:37:59,-25.863,26.8976,44.76,66,3,8.08,clear sky
626,Fairbanks,US,2022-07-29 03:37:59,64.8378,-147.7164,67.08,52,20,9.22,few clouds
627,Maku,IR,2022-07-29 03:37:59,39.2911,44.4521,73.29,60,0,2.98,clear sky
628,Matara,LK,2022-07-29 03:38:00,5.9485,80.5353,81.18,79,100,5.35,light rain
629,Nemuro,JP,2022-07-29 03:38:00,43.3236,145.575,62.76,88,98,6.26,light rain
630,Xining,CN,2022-07-29 03:38:00,36.6167,101.7667,73.26,37,2,1.39,clear sky
631,Marawi,PH,2022-07-29 03:38:01,7.9986,124.2928,82.4,64,99,3.85,overcast clouds
632,Sao Filipe,CV,2022-07-29 03:38:01,14.8961,-24.4956,77.76,79,2,13.71,clear sky
633,Rundu,NA,2022-07-29 03:38:01,-17.9333,19.7667,52.32,37,34,4.52,scattered clouds
634,Goma,CD,2022-07-29 03:38:02,-1.6792,29.2228,62.08,86,69,2.17,light rain
635,Ippy,CF,2022-07-29 03:38:02,6.2679,21.2247,66.72,98,100,2.86,overcast clouds
636,Manitouwadge,CA,2022-07-29 03:38:03,49.1215,-85.8403,54.57,98,100,7.14,overcast clouds
637,Carballo,ES,2022-07-29 03:38:03,43.213,-8.691,65.01,89,94,1.12,overcast clouds
638,Korem,ET,2022-07-29 03:38:03,12.5058,39.5228,55.63,84,100,5.32,moderate rain
639,Catia La Mar,VE,2022-07-29 03:38:04,10.6038,-67.0303,71.8,94,40,2.3,scattered clouds
640,Porto Santo,PT,2022-07-29 03:38:04,33.072,-16.3415,70.18,83,40,14.97,scattered clouds
641,Blyth,GB,2022-07-29 03:38:04,55.1271,-1.5086,58.26,81,0,3.44,clear sky
642,Alma,CA,2022-07-29 03:38:05,48.5501,-71.6491,66.33,95,95,6.08,overcast clouds
643,Irbit,RU,2022-07-29 03:39:05,57.6705,63.071,65.05,63,18,10.74,few clouds
644,Harper,LR,2022-07-29 03:39:06,4.375,-7.7169,74.28,74,86,8.5,overcast clouds
645,Kosiv,UA,2022-07-29 03:39:06,48.3107,25.0958,64.0,81,87,0.98,overcast clouds
646,Danilovka,RU,2022-07-29 03:39:07,50.3557,44.1168,75.81,55,39,1.95,scattered clouds
647,Deputatskiy,RU,2022-07-29 03:39:07,69.3,139.9,48.33,74,100,4.38,light rain
648,Mezen,RU,2022-07-29 03:39:07,65.8522,44.24,60.13,75,84,7.16,moderate rain
649,Mangrol,IN,2022-07-29 03:39:08,21.1167,70.1167,82.67,74,50,8.55,scattered clouds
650,Nyurba,RU,2022-07-29 03:39:08,63.2842,118.3319,87.04,36,0,11.16,clear sky
651,Fonte Boa,BR,2022-07-29 03:39:09,-2.4959,-66.2662,77.09,79,97,2.3,overcast clouds
652,Lyndon,US,2022-07-29 03:39:09,38.2567,-85.6016,73.65,89,75,4.61,broken clouds
653,Atikokan,CA,2022-07-29 03:39:09,48.7555,-91.6216,52.36,93,74,7.23,broken clouds
654,Penzance,GB,2022-07-29 03:39:10,50.1186,-5.5371,57.88,75,87,2.26,overcast clouds
655,Urusha,RU,2022-07-29 03:39:10,54.05,122.9,76.93,39,3,8.63,clear sky
656,Zeya,RU,2022-07-29 03:37:33,53.75,127.2667,79.34,60,100,5.44,overcast clouds
657,Saint-Georges,GD,2022-07-29 03:39:11,12.0564,-61.7485,79.45,77,4,13.73,clear sky
658,Marsa Matruh,EG,2022-07-29 03:39:11,31.3525,27.2453,73.6,88,0,2.3,clear sky
659,Ossora,RU,2022-07-29 03:39:12,59.2353,163.0719,55.8,67,63,7.74,broken clouds
660,San Francisco,US,2022-07-29 03:39:00,37.7749,-122.4194,65.1,91,75,15.99,broken clouds
661,Kota Tinggi,MY,2022-07-29 03:39:12,1.7381,103.8999,88.03,70,61,7.09,broken clouds
662,Okato,NZ,2022-07-29 03:39:12,-39.2,173.8833,58.51,61,52,4.0,broken clouds
663,Bettendorf,US,2022-07-29 03:39:13,41.5245,-90.5157,66.81,78,0,5.75,clear sky
664,Omboue,GA,2022-07-29 03:39:13,-1.5746,9.2618,70.05,86,56,5.95,broken clouds
665,Superior,US,2022-07-29 03:39:13,46.7208,-92.1041,61.48,92,0,3.44,clear sky
666,Guanhaes,BR,2022-07-29 03:39:14,-18.775,-42.9325,54.93,75,0,2.3,clear sky
667,Kutulik,RU,2022-07-29 03:39:15,53.3508,102.7839,70.12,57,20,4.41,light rain
668,Ambagarh Chauki,IN,2022-07-29 03:39:15,20.7833,80.7167,85.01,67,91,7.07,overcast clouds
669,Tucuman,AR,2022-07-29 03:39:15,-26.8241,-65.2226,51.8,87,0,13.8,clear sky
670,Makakilo City,US,2022-07-29 03:39:16,21.3469,-158.0858,84.52,56,20,11.5,few clouds
671,Xichang,CN,2022-07-29 03:39:16,27.8964,102.2634,79.25,67,25,2.73,scattered clouds
672,Dauphin,CA,2022-07-29 03:39:16,51.1494,-100.0502,60.94,94,0,3.44,clear sky
673,Culleredo,ES,2022-07-29 03:39:17,43.2879,-8.3886,65.28,86,100,4.0,overcast clouds
674,Rye Brook,US,2022-07-29 03:36:06,41.0193,-73.6835,82.85,80,0,5.75,clear sky
675,Cerea,IT,2022-07-29 03:39:17,45.1921,11.2103,69.93,82,50,1.7,scattered clouds
676,Bronnitsy,RU,2022-07-29 03:39:18,55.4194,38.2708,61.9,77,0,11.18,clear sky
677,Fjerritslev,DK,2022-07-29 03:39:18,57.0813,9.2664,49.86,77,12,1.81,few clouds
678,Ponta Delgada,PT,2022-07-29 03:39:18,37.7333,-25.6667,72.32,78,75,3.44,broken clouds
679,Ibipeba,BR,2022-07-29 03:39:19,-11.6408,-42.0111,61.05,90,0,4.27,clear sky
680,Harlingen,US,2022-07-29 03:37:10,26.1906,-97.6961,84.11,87,0,11.5,clear sky
681,Bac Lieu,VN,2022-07-29 03:39:19,9.285,105.7244,87.46,67,23,10.58,few clouds
682,Totness,SR,2022-07-29 03:39:20,5.8833,-56.3167,76.87,87,71,4.63,broken clouds
683,Chingirlau,KZ,2022-07-29 03:39:20,51.095,54.0814,73.74,60,53,8.05,broken clouds
684,Mahalingpur,IN,2022-07-29 03:39:21,16.3833,75.1167,83.3,64,91,3.29,overcast clouds
685,Hualmay,PE,2022-07-29 03:39:21,-11.0964,-77.6139,60.26,83,43,6.26,scattered clouds
686,Opuwo,NA,2022-07-29 03:39:21,-18.0607,13.84,55.76,42,11,3.96,few clouds
687,Tamandare,BR,2022-07-29 03:39:22,-8.7597,-35.1047,73.22,88,44,0.65,scattered clouds
688,Roald,NO,2022-07-29 03:39:22,62.5833,6.1333,54.75,100,100,4.61,overcast clouds
689,Selty,RU,2022-07-29 03:40:22,57.3132,52.1345,67.06,63,1,3.56,clear sky
690,Aden,YE,2022-07-29 03:40:23,12.7794,45.0367,83.53,75,16,4.54,few clouds
691,Teknaf,BD,2022-07-29 03:40:23,20.8624,92.3058,86.86,69,92,2.55,overcast clouds
692,Samarai,PG,2022-07-29 03:40:23,-10.6167,150.6667,79.18,85,72,14.32,broken clouds
693,Hargeysa,SO,2022-07-29 03:40:24,9.56,44.065,69.75,55,1,26.26,clear sky
694,Puerto Ayacucho,VE,2022-07-29 03:40:24,5.6639,-67.6236,72.81,95,85,1.54,overcast clouds
695,Fethiye,TR,2022-07-29 03:40:25,36.6217,29.1164,71.47,41,0,2.04,clear sky
696,Stromness,GB,2022-07-29 03:37:35,58.965,-3.296,55.87,92,56,8.99,broken clouds
697,Lufilufi,WS,2022-07-29 03:40:25,-13.8745,-171.5986,89.38,78,21,20.38,few clouds
698,Guadalupe Y Calvo,MX,2022-07-29 03:40:26,26.1,-106.9667,54.75,95,95,2.08,overcast clouds
699,Chapais,CA,2022-07-29 03:39:50,49.7834,-74.8492,58.78,98,59,5.95,broken clouds
700,Seymchan,RU,2022-07-29 03:40:26,62.8833,152.4333,66.33,34,34,13.65,scattered clouds
701,Mogadishu,SO,2022-07-29 03:40:26,2.0371,45.3438,76.87,78,75,14.97,broken clouds
702,Tabou,CI,2022-07-29 03:40:27,4.423,-7.3528,74.21,75,82,8.05,broken clouds
703,Barkhan,PK,2022-07-29 03:40:27,29.8977,69.5256,79.34,71,100,1.81,overcast clouds
704,Panaba,MX,2022-07-29 03:40:27,21.2833,-88.2667,78.24,89,58,10.74,broken clouds
705,Chupa,RU,2022-07-29 03:40:28,66.27,33.0549,52.34,80,100,11.34,overcast clouds
706,Kremze,CZ,2022-07-29 03:40:28,48.905,14.3057,63.95,87,100,2.08,light rain
